Symbol,AtomicMass,AtomicRadius,Electronegativity,IonizationEnergy,ElectronAffinity,Polarizability,results_per_total,results_per_cation,CationSites,CounterIonSites,results_per_counter_ion,res_per_volm_per_site,Result,SpaceGroup,SpaceGroupNumber,Total Sites,mid,Reduced Formula
Sb,121.76,206.0,2.05,8.64,1.07,43.0,5.068656024186609,6.758208032248812,0.75,0.25,0.020274624096746435,0.0003406837824771178,0.34068378247711784,Pmmn,59,8,20900,Cu3Sb
Br,79.9,183.0,2.96,11.814,3.365,21.0,0.0,0.0,0.5,0.5,0.0,0.0,0.0,P6_3/mmc,194,4,23227,CuBr
Ti,47.867,187.0,1.54,6.828,0.079,100.0,12.733002663800798,38.19900799140239,0.3333333333333333,0.3333333333333333,0.03819900799140239,0.0008135648565220243,0.8135648565220244,Fd-3m,227,24,1192264,Ti2Cu
Li,7.0,182.0,0.98,5.392,0.618,164.1125,11.480842426287387,15.307789901716516,0.75,0.75,0.015307789901716516,0.000992137650955155,0.9921376509551549,P6_3/mmc,194,8,1185338,LiCu3
Pt,195.08,209.0,2.28,9.0,2.128,48.0,2.3232679380758032,9.293071752303213,0.25,0.75,0.003097690584101071,1.5807374354174117e-05,0.015807374354174116,Cmmm,65,4,1213433,CuPt3
O,15.999,152.0,3.44,13.618,1.461,5.3,0.6943905100305932,1.2151833925535382,0.5714285714285714,0.42857142857142855,0.0016202445234047176,5.861615456107089e-05,0.05861615456107089,I4_1/amd,141,14,1478,Cu4O3
Te,127.6,206.0,2.1,9.01,1.971,38.0,0.9431000909333863,1.8862001818667726,0.5,0.5,0.0018862001818667727,4.5477096960111244e-05,0.04547709696011124,I4/mmm,139,2,1978391,CuTe
In,114.818,193.0,1.78,5.786,0.3,65.0,6.681108794321818,13.362217588643636,0.5,0.5,0.013362217588643636,0.00035832559377011386,0.35832559377011386,P6_3/mmc,194,4,1018053,InCu
O,15.999,152.0,3.44,13.618,1.461,5.3,0.17418104576356272,0.4354526144089068,0.4,0.6,0.0002903017429392712,1.79104783608126e-05,0.0179104783608126,Ia-3,206,40,771359,Cu2O3
As,74.92159,185.0,2.18,9.815,0.81,30.0,1.3323420987606458,3.108798230441507,0.42857142857142855,0.5714285714285714,0.00233159867283113,6.622121603540423e-05,0.06622121603540423,Immm,71,14,633403,Cu3As4
Mg,24.305,173.0,1.31,7.646,,71.2,7.8173461971457225,31.26938478858289,0.25,0.25,0.03126938478858289,0.00041035760904767886,0.4103576090476789,Imm2,44,4,2479851,Mg3Cu
I,126.9045,198.0,2.66,10.451,3.059,32.9,0.5344665575863069,1.0689331151726138,0.5,0.5,0.0010689331151726138,1.9505374077680585e-05,0.019505374077680587,P4/nmm,129,4,22863,CuI
S,32.07,180.0,2.58,10.36,2.077,19.4,0.10627020184522083,0.31881060553566254,0.3333333333333333,0.6666666666666666,0.00015940530276783126,5.317411292412406e-06,0.005317411292412406,C2,5,3,684604,CuS2
La,138.9055,240.0,1.1,5.577,0.5,215.0,8.779807412140588,10.974759265175734,0.8,0.8,0.010974759265175734,0.0005311500752127558,0.5311500752127558,I-4m2,119,45,30589,LaCu4
O,15.999,152.0,3.44,13.618,1.461,5.3,0.9572552172128759,1.9145104344257518,0.5,0.5,0.0019145104344257518,7.327240423768914e-05,0.07327240423768913,P4_2/nmc,137,32,510751,CuO
Se,78.97,190.0,2.55,9.752,2.021,28.9,1.5694141115965,2.4925988831238532,0.6296296296296297,0.37037037037037035,0.00423741810131055,8.9080063058077e-05,0.089080063058077,Cm,8,27,684605,Cu17Se10
Te,127.6,206.0,2.1,9.01,1.971,38.0,1.844512125517958,3.0741868758632633,0.6,0.4,0.004611280313794895,9.434689532787577e-05,0.09434689532787577,P4mm,99,5,1225676,Cu3Te2
Gd,157.25,237.0,1.2,6.15,,158.0,7.4828153988729325,8.729951298685089,0.8571428571428571,0.8571428571428571,0.008729951298685088,0.0005169866873223702,0.5169866873223702,Pnma,62,28,1194708,GdCu6
Zr,91.22,186.0,1.33,6.634,0.426,112.0,15.000847473994167,45.0025424219825,0.3333333333333333,0.3333333333333333,0.0450025424219825,0.0007703715017816242,0.7703715017816243,C2/m,12,6,1077372,Zr2Cu
Tb,158.92535,221.0,,5.864,,170.0,12.20451024628396,15.388295527923255,0.7931034482758621,0.7931034482758621,0.015388295527923255,0.0008078157930769343,0.8078157930769343,Fm-3m,225,29,1192934,Tb6Cu23
F,18.99840316,135.0,3.98,17.423,3.339,3.74,0.03414544643644471,0.10243633930933413,0.3333333333333333,0.6666666666666666,5.121816965466706e-05,2.022559237141668e-06,0.002022559237141668,P4/mmm,123,3,1147672,CuF2
I,126.9045,198.0,2.66,10.451,3.059,32.9,0.12740821571401914,0.2787054718744169,0.45714285714285713,0.5428571428571428,0.00023469934473635106,4.273978872280189e-06,0.0042739788722801885,Cm,8,35,685158,Cu16I19
S,32.07,180.0,2.58,10.36,2.077,19.4,2.4487670008639024,3.673150501295854,0.6666666666666666,0.3333333333333333,0.007346301002591708,0.00016839907999019593,0.16839907999019593,P4_32_12,96,12,618991,Cu2S
F,18.99840316,135.0,3.98,17.423,3.339,3.74,3.282704056741652,4.376938742322203,0.75,0.25,0.013130816226966609,0.0002733013014811625,0.2733013014811625,P6_3/mmc,194,8,1183996,Cu3F
Hf,178.49,212.0,1.3,6.825,,103.0,6.287961306603725,8.383948408804965,0.75,0.75,0.008383948408804966,0.0004422658336377955,0.44226583363779554,Fm-3m,225,4,865176,HfCu3
Au,196.96657,166.0,2.54,9.226,2.309,36.06,1.338411296202529,5.353645184810116,0.25,0.75,0.0017845483949367053,8.274198058319347e-05,0.08274198058319347,I4/mmm,139,4,1184018,CuAu3
Pd,106.42,202.0,2.2,8.337,0.557,26.14,9.835768041487716,13.114357388650289,0.75,0.25,0.039343072165950864,0.0007687772816725441,0.7687772816725441,P4mm,99,28,680639,Cu3Pd
Te,127.6,206.0,2.1,9.01,1.971,38.0,0.9261441534368104,1.852288306873621,0.5,0.5,0.0018522883068736208,4.465947576341049e-05,0.044659475763410485,Pmmn,59,4,1238498,CuTe
Mg,24.305,173.0,1.31,7.646,,71.2,9.21769933136981,147.48318930191695,0.0625,0.0625,0.14748318930191695,0.00043069713065871335,0.43069713065871335,P-6m2,187,16,1023610,Mg15Cu
As,74.92159,185.0,2.18,9.815,0.81,30.0,4.05236203422062,5.403149378960826,0.75,0.25,0.01620944813688248,0.0003164785536613428,0.3164785536613428,P6_3/mmc,194,8,1184017,Cu3As
S,32.07,180.0,2.58,10.36,2.077,19.4,0.6221638383104509,1.2443276766209017,0.5,0.5,0.0012443276766209016,3.719369117142563e-05,0.03719369117142563,P6_3/mmc,194,12,504,CuS
Mg,24.305,173.0,1.31,7.646,,71.2,7.567333043540334,10.089777391387111,0.75,0.75,0.010089777391387111,0.0005873735028553557,0.5873735028553557,I4/mmm,139,4,1185856,MgCu3
I,126.9045,198.0,2.66,10.451,3.059,32.9,0.0,0.0,0.42424242424242425,0.5757575757575758,0.0,0.0,0.0,Cm,8,33,685100,Cu14I19
N,14.007,155.0,3.04,14.534,,7.4,0.7939158353993349,1.5878316707986697,0.5,0.5,0.0015878316707986697,7.199240487241287e-05,0.07199240487241287,C2/m,12,4,1080203,CuN
Se,78.97,190.0,2.55,9.752,2.021,28.9,2.933898486265451,4.400847729398176,0.6666666666666666,0.3333333333333333,0.008801695458796353,0.00018025574468563,0.18025574468563,Fm-3m,225,3,16366,Cu2Se
Ni,58.693,163.0,1.91,7.64,1.156,49.0,5.6564433724244845,7.541924496565978,0.75,0.25,0.022625773489697937,0.0005059261524991406,0.5059261524991405,Cmmm,65,4,1225698,Cu3Ni
Te,127.6,206.0,2.1,9.01,1.971,38.0,0.32664309399713215,0.9799292819913964,0.3333333333333333,0.6666666666666666,0.0004899646409956982,1.3399510123738659e-05,0.01339951012373866,Pa-3,205,12,1103235,CuTe2
Se,78.97,190.0,2.55,9.752,2.021,28.9,1.8007389188263208,2.801149429285388,0.6428571428571429,0.35714285714285715,0.005042068972713698,0.00010111688099728872,0.10111688099728873,C2,5,14,1173070,Cu9Se5
Sc,44.95591,211.0,1.36,6.561,0.188,97.0,9.430637268366532,12.574183024488708,0.75,0.75,0.012574183024488707,0.0006780966533866024,0.6780966533866024,I4/mmm,139,4,973092,ScCu3
Te,127.6,206.0,2.1,9.01,1.971,38.0,2.233720911981322,3.3505813679719827,0.6666666666666666,0.3333333333333333,0.006701162735943966,9.801336981673527e-05,0.09801336981673527,P6/mmm,191,6,1861,Cu2Te
Zr,91.22,186.0,1.33,6.634,0.426,112.0,14.899154393104192,29.798308786208384,0.5,0.5,0.029798308786208386,0.0008659122967792757,0.8659122967792757,Pm-3m,221,2,2210,ZrCu
In,114.818,193.0,1.78,5.786,0.3,65.0,4.4776474026927175,17.91058961077087,0.25,0.25,0.01791058961077087,0.00018803660619583616,0.18803660619583618,P6_3/mmc,194,8,974023,In3Cu
Ga,69.723,187.0,1.81,5.999,0.3,50.0,7.498800827448276,11.248201241172415,0.6666666666666666,0.6666666666666666,0.011248201241172415,0.000569798301068172,0.569798301068172,Cmmm,65,3,2281971,GaCu2
Se,78.97,190.0,2.55,9.752,2.021,28.9,0.5296246707959981,1.080434328423836,0.49019607843137253,0.5098039215686274,0.0010388791619459963,2.595475636527151e-05,0.02595475636527151,Pm,6,153,684923,Cu25Se26
S,32.07,180.0,2.58,10.36,2.077,19.4,0.5591049501556533,1.67731485046696,0.3333333333333333,0.6666666666666666,0.00083865742523348,3.475911880952793e-05,0.03475911880952793,Pa-3,205,12,1068,CuS2
N,14.007,155.0,3.04,14.534,,7.4,2.6249334722778794,3.499911296370506,0.75,0.25,0.010499733889111518,0.0001891450912828743,0.1891450912828743,Pm-3m,221,4,1933,Cu3N
Pd,106.42,202.0,2.2,8.337,0.557,26.14,4.880768189279,6.10096023659875,0.8,0.2,0.024403840946395,0.00039938233898778814,0.39938233898778813,P4_2/m,84,20,30594,Cu4Pd
Ce,140.116,235.0,1.12,5.539,0.5,205.0,3.9318403273992706,4.587147048632482,0.8571428571428571,0.8571428571428571,0.004587147048632482,0.0002692490354264448,0.2692490354264448,Pnma,62,28,21708,CeCu6
I,126.9045,198.0,2.66,10.451,3.059,32.9,0.3729094728777381,0.7458189457554762,0.5,0.5,0.0007458189457554762,1.5905744879674883e-05,0.01590574487967488,Fm-3m,225,2,1096937,CuI
Pd,106.42,202.0,2.2,8.337,0.557,26.14,11.009398502013504,22.018797004027007,0.5,0.5,0.022018797004027008,0.0008210903428389466,0.8210903428389466,R-3m,166,2,1225701,CuPd
O,15.999,152.0,3.44,13.618,1.461,5.3,0.051975207133883365,0.1559256214016501,0.3333333333333333,0.6666666666666666,7.796281070082504e-05,2.721321540327889e-06,0.002721321540327889,Fmmm,69,3,614565,CuO2
N,14.007,155.0,3.04,14.534,,7.4,3.7257876317073424,4.8435239212195444,0.7692307692307693,0.23076923076923078,0.016145079737398482,0.0002875251659607214,0.2875251659607214,P-3m1,164,13,1225831,Cu10N3
S,32.07,180.0,2.58,10.36,2.077,19.4,0.195268567798134,0.550302327431105,0.3548387096774194,0.6451612903225806,0.00030266628008710774,9.267646200456215e-06,0.009267646200456215,R3m,160,31,684964,Cu11S20
Sb,121.76,206.0,2.05,8.64,1.07,43.0,1.850208477876753,2.4669446371690036,0.75,0.25,0.007400833911507011,0.00011403879687005672,0.11403879687005672,P-6m2,187,4,1225736,Cu3Sb
Te,127.6,206.0,2.1,9.01,1.971,38.0,0.981692964907124,1.963385929814248,0.5,0.5,0.001963385929814248,4.7781203428144625e-05,0.047781203428144625,Pmmn,59,4,623012,CuTe
Se,78.97,190.0,2.55,9.752,2.021,28.9,1.572411924387039,2.54005003170214,0.6190476190476191,0.38095238095238093,0.004127581301515977,8.798689734301454e-05,0.08798689734301454,F-43m,216,21,32857,Cu13Se8
Zn,65.4,139.0,1.65,9.394,,38.67,6.614884765468334,8.819846353957779,0.75,0.75,0.008819846353957779,0.0005535032625859581,0.5535032625859581,R-3m,166,4,1215529,ZnCu3
Zn,65.4,139.0,1.65,9.394,,38.67,6.249946758524996,9.374920137787495,0.6666666666666666,0.6666666666666666,0.009374920137787495,0.0005152962976799622,0.5152962976799622,P-3m1,164,3,1215401,ZnCu2
Fe,55.84,194.0,1.83,7.902,0.163,62.0,15.110031535775226,60.440126143100905,0.25,0.25,0.0604401261431009,0.0013648824241502295,1.3648824241502295,Fm-3m,225,4,1184260,Fe3Cu
Ge,72.63,211.0,2.01,7.9,1.35,40.0,6.840626883631844,9.120835844842459,0.75,0.25,0.027362507534527375,0.0005536206929647276,0.5536206929647276,P6_3/mmc,194,8,1184021,Cu3Ge
Li,7.0,182.0,0.98,5.392,0.618,164.1125,11.228505233351031,14.971340311134709,0.75,0.75,0.014971340311134708,0.0009657475779707683,0.9657475779707684,Fm-3m,225,4,974058,LiCu3
Er,167.26,235.0,1.24,6.108,,150.0,9.71091546510387,11.653098558124645,0.8333333333333334,0.8333333333333334,0.011653098558124644,0.0007017759125740235,0.7017759125740235,F-43m,216,6,30579,ErCu5
O,15.999,152.0,3.44,13.618,1.461,5.3,0.1249645187047867,0.2915838769778356,0.42857142857142855,0.5714285714285714,0.0002186879077333767,9.5385032055228e-06,0.0095385032055228,Fm-3m,225,14,1147673,Cu3O4
N,14.007,155.0,3.04,14.534,,7.4,2.8116651167367848,3.748886822315713,0.75,0.25,0.01124666046694714,0.00021895205501612096,0.21895205501612097,P4/mmm,123,32,1203286,Cu3N
Zn,65.4,139.0,1.65,9.394,,38.67,6.728880817046751,8.971841089395667,0.75,0.75,0.008971841089395667,0.0005640825513904767,0.5640825513904767,P-6m2,187,4,1215518,ZnCu3
Cd,112.41,158.0,1.69,8.994,,46.0,5.896421542105249,8.844632313157872,0.6666666666666666,0.6666666666666666,0.008844632313157873,0.00041116324354468413,0.41116324354468414,P6_3/mmc,194,12,16775,CdCu2
N,14.007,155.0,3.04,14.534,,7.4,0.0,0.0,0.1111111111111111,0.8888888888888888,0.0,0.0,0.0,Pnma,62,36,1198545,CuN8
Pu,244.0642,243.0,1.28,6.06,,145.0,10.135119352644042,15.202679028966063,0.6666666666666666,0.6666666666666666,0.015202679028966062,0.0005690291155842954,0.5690291155842954,Imma,74,6,1025032,PuCu2
Se,78.97,190.0,2.55,9.752,2.021,28.9,0.3720636070121154,0.7441272140242308,0.5,0.5,0.0007441272140242308,1.9096576618271026e-05,0.019096576618271025,P6_3/mmc,194,12,568998,CuSe
Sn,118.71,217.0,1.96,7.344,1.2,53.0,2.825189810054812,11.300759240219248,0.25,0.75,0.003766919746739749,0.00011561055104060224,0.11561055104060224,I4/mmm,139,4,1184132,CuSn3
N,14.007,155.0,3.04,14.534,,7.4,3.816919331977097,5.089225775969463,0.75,0.25,0.015267677327908388,0.0003429112451607967,0.34291124516079674,I4/mmm,139,4,1225717,Cu3N
Mg,24.305,173.0,1.31,7.646,,71.2,4.40511912262313,13.215357367869391,0.3333333333333333,0.3333333333333333,0.013215357367869392,0.00023940496222009836,0.23940496222009836,Ibam,72,6,865014,Mg2Cu
Cl,35.45,175.0,3.16,12.968,3.617,14.6,4.1843516949703865,5.579135593293848,0.75,0.25,0.016737406779881545,0.0002934282594775446,0.2934282594775446,Pm-3m,221,4,1183968,Cu3Cl
S,32.07,180.0,2.58,10.36,2.077,19.4,1.8471867657361072,3.0786446095601785,0.6,0.4,0.004617966914340268,0.00012907891579719237,0.12907891579719236,P-4m2,115,5,1225731,Cu3S2
O,15.999,152.0,3.44,13.618,1.461,5.3,0.31490236544122563,0.6298047308824513,0.5,0.5,0.0006298047308824512,1.7793377491837397e-05,0.017793377491837396,I4/mmm,139,8,25229,CuO
V,50.9415,179.0,1.63,6.746,0.525,87.0,16.46664344164004,65.86657376656017,0.25,0.25,0.06586657376656016,0.0012713339560324398,1.2713339560324397,I4/mmm,139,4,1187753,V3Cu
In,114.818,193.0,1.78,5.786,0.3,65.0,8.307467105880487,11.07662280784065,0.75,0.75,0.01107662280784065,0.0005998364900759956,0.5998364900759956,P6_3/mmc,194,8,1184858,InCu3
S,32.07,180.0,2.58,10.36,2.077,19.4,1.4066640336871088,2.8133280673742176,0.5,0.5,0.0028133280673742177,9.684399611487844e-05,0.09684399611487844,Fm-3m,225,2,1023128,CuS
Fe,55.84,194.0,1.83,7.902,0.163,62.0,5.826947621540923,7.283684526926154,0.8,0.8,0.007283684526926154,0.0004930156517389177,0.4930156517389177,R-3m,166,5,1224977,FeCu4
Ag,107.868,172.0,1.93,7.576,1.302,55.0,6.692544251442473,8.92339233525663,0.75,0.25,0.02677017700576989,0.0004992506177227036,0.4992506177227036,I4/mmm,139,4,1184011,Cu3Ag
Ca,40.08,231.0,1.0,6.113,,160.8,11.10113948864971,22.20227897729942,0.5,0.5,0.02220227897729942,0.00046983610461801695,0.46983610461801695,P2_1/m,11,20,30471,CaCu
As,74.92159,185.0,2.18,9.815,0.81,30.0,3.6647842138847335,5.4971763208271005,0.6666666666666666,0.3333333333333333,0.010994352641654201,0.00026264200310924815,0.2626420031092482,P4/nmm,129,6,7474,Cu2As
Sn,118.71,217.0,1.96,7.344,1.2,53.0,6.581443764951058,8.775258353268079,0.75,0.25,0.026325775059804234,0.00045076541429043507,0.4507654142904351,Cmcm,63,40,1195862,Cu3Sn
O,15.999,152.0,3.44,13.618,1.461,5.3,0.10983795100374949,0.32951385301124847,0.3333333333333333,0.6666666666666666,0.00016475692650562423,9.619348630895498e-06,0.009619348630895499,R-3m,166,3,25378,CuO2
C,12.011,170.0,2.55,11.26,1.263,11.3,0.043628380332738935,0.30539866232917257,0.14285714285714285,0.8571428571428571,5.089977705486209e-05,2.480542565367171e-06,0.002480542565367171,Cmmm,65,7,1213653,CuC6
S,32.07,180.0,2.58,10.36,2.077,19.4,0.0,0.0,0.3333333333333333,0.6666666666666666,0.0,0.0,0.0,P-4m2,115,3,850099,CuS2
Ga,69.723,187.0,1.81,5.999,0.3,50.0,6.892565436030981,8.615706795038726,0.8,0.8,0.008615706795038727,0.0005441121429354502,0.5441121429354502,R-3m,166,5,1224832,GaCu4
Al,26.981538,184.0,1.61,5.986,0.441,57.8,5.763518912961432,17.290556738884295,0.3333333333333333,0.3333333333333333,0.017290556738884296,0.00035485345371357585,0.35485345371357585,P4/mmm,123,3,12794,Al2Cu
Br,79.9,183.0,2.96,11.814,3.365,21.0,0.4399302549199068,1.3197907647597202,0.3333333333333333,0.6666666666666666,0.0006598953823798602,7.227198978308966e-06,0.007227198978308966,I4/mmm,139,3,1147532,CuBr2
I,126.9045,198.0,2.66,10.451,3.059,32.9,0.15416642560514388,0.30833285121028775,0.5,0.5,0.0003083328512102877,5.657902456804159e-06,0.005657902456804159,P6_3mc,186,4,569346,CuI
Yb,173.05,242.0,,6.254,,139.0,13.899379054771249,20.849068582156875,0.6666666666666666,0.6666666666666666,0.020849068582156873,0.000877212863761875,0.877212863761875,P6_3/mmc,194,12,1103426,YbCu2
Br,79.9,183.0,2.96,11.814,3.365,21.0,0.14015427692848967,0.28030855385697934,0.5,0.5,0.0002803085538569793,6.04235493170047e-06,0.00604235493170047,I-4m2,119,2,32880,CuBr
Sn,118.71,217.0,1.96,7.344,1.2,53.0,5.095991434183125,9.172784581529625,0.5555555555555556,0.4444444444444444,0.011465980726912031,0.00029146774041959115,0.29146774041959117,P2_1/c,14,36,845,Cu5Sn4
Mg,24.305,173.0,1.31,7.646,,71.2,6.227444318166462,24.90977727266585,0.25,0.25,0.02490977727266585,0.00033710677446526275,0.33710677446526277,Imm2,44,4,978279,Mg3Cu
Ge,72.63,211.0,2.01,7.9,1.35,40.0,5.525939138668376,7.736314794135726,0.7142857142857143,0.2857142857142857,0.019340786985339316,0.0003925747962964544,0.3925747962964544,R-3m,166,7,1225722,Cu5Ge2
Si,28.085,210.0,1.9,8.152,1.385,37.3,5.291675280247508,7.055567040330011,0.75,0.25,0.021166701120990034,0.00045488350634378786,0.4548835063437879,P6_3/mmc,194,8,867317,Cu3Si
Be,9.012183,153.0,1.57,9.323,,37.74,6.9061668044134406,13.812333608826881,0.5,0.5,0.01381233360882688,0.0007236516834122155,0.7236516834122154,Pm-3m,221,2,2323,BeCu
Se,78.97,190.0,2.55,9.752,2.021,28.9,1.6862587225656793,2.5293880838485188,0.6666666666666666,0.3333333333333333,0.005058776167697038,9.883108350538909e-05,0.09883108350538909,P2_1/c,14,144,1097707,Cu2Se
S,32.07,180.0,2.58,10.36,2.077,19.4,2.0402710545895326,3.0604065818842994,0.6666666666666666,0.3333333333333333,0.006120813163768599,0.00013598055013361803,0.13598055013361804,P2_1/c,14,144,581212,Cu2S
Cd,112.41,158.0,1.69,8.994,,46.0,4.410474662237311,5.880632882983082,0.75,0.75,0.005880632882983082,0.0003150737698938603,0.31507376989386027,Pm-3m,221,4,1183623,CdCu3
Ni,58.693,163.0,1.91,7.64,1.156,49.0,6.2533535315416025,12.506707063083205,0.5,0.5,0.012506707063083204,0.0005766072339316745,0.5766072339316746,P-6m2,187,2,1184069,CuNi
I,126.9045,198.0,2.66,10.451,3.059,32.9,0.0,0.0,0.2,0.8,0.0,0.0,0.0,Cm,8,5,2766484,CuI4
O,15.999,152.0,3.44,13.618,1.461,5.3,0.7071083783148953,1.6499195494014223,0.42857142857142855,0.5714285714285714,0.0012374396620510666,6.659713513213981e-05,0.06659713513213981,Ibam,72,14,1178476,Cu3O4
Lu,174.9667,221.0,1.27,5.426,,137.0,9.418877964194234,11.875976563549251,0.7931034482758621,0.7931034482758621,0.01187597656354925,0.0006427493337530671,0.6427493337530672,Fm-3m,225,29,1193217,Lu6Cu23
Eu,151.964,233.0,,5.67,,184.0,18.91751625547329,37.83503251094658,0.5,0.5,0.03783503251094658,0.0007930252359192697,0.7930252359192698,Pm-3m,221,2,639675,EuCu
Cl,35.45,175.0,3.16,12.968,3.617,14.6,0.04258973149963126,0.08517946299926252,0.5,0.5,8.517946299926252e-05,2.2131497489888297e-06,0.00221314974898883,P6_3mc,186,4,1184046,CuCl
Pr,140.90766,239.0,1.13,5.464,,216.0,10.084434506421788,11.76517359082542,0.8571428571428571,0.8571428571428571,0.01176517359082542,0.0006896975350102963,0.6896975350102963,Pnma,62,28,30698,PrCu6
As,74.92159,185.0,2.18,9.815,0.81,30.0,4.430915221442925,6.4002108754175575,0.6923076923076923,0.3076923076923077,0.014400474469689506,0.00031705599792325505,0.31705599792325506,P-43m,215,52,1246371,Cu9As4
Sn,118.71,217.0,1.96,7.344,1.2,53.0,6.631447831354715,8.62088218076113,0.7692307692307693,0.23076923076923078,0.028736273935870433,0.00046298311646626,0.46298311646626,P6_3,173,26,568495,Cu10Sn3
Bi,208.9804,207.0,2.02,7.289,0.946,53.0,2.6957823093035835,5.391564618607167,0.5,0.5,0.005391564618607167,0.00012663063102082243,0.12663063102082242,P6_3/mmc,194,4,569792,CuBi
B,10.81,192.0,2.04,8.298,0.277,20.5,1.4079955149123418,8.44797308947405,0.16666666666666666,0.8333333333333334,0.0016895946178948102,0.00015537710933835383,0.15537710933835383,Pbca,61,96,1181765,CuB5
B,10.81,192.0,2.04,8.298,0.277,20.5,1.438211618447269,8.629269710683614,0.16666666666666666,0.8333333333333334,0.0017258539421367229,0.00015856028078433602,0.158560280784336,Pbca,61,96,1201287,CuB5
Fe,55.84,194.0,1.83,7.902,0.163,62.0,5.201102594095793,6.9348034587943905,0.75,0.75,0.00693480345879439,0.0004322930950501082,0.43229309505010816,P6_3/mmc,194,8,1184444,FeCu3
Ag,107.868,172.0,1.93,7.576,1.302,55.0,3.492363652619422,13.969454610477689,0.25,0.75,0.004656484870159229,0.0002105927837413535,0.2105927837413535,P6_3/mmc,194,8,984351,CuAg3
Te,127.6,206.0,2.1,9.01,1.971,38.0,3.8515254815056235,5.135367308674164,0.75,0.25,0.015406101926022493,0.0002506126359114813,0.2506126359114813,Pm-3m,221,4,1183984,Cu3Te
Al,26.981538,184.0,1.61,5.986,0.441,57.8,8.323609107879388,11.098145477172519,0.75,0.75,0.011098145477172519,0.0006924893136803982,0.6924893136803982,P6_3/mmc,194,8,1183216,AlCu3
In,114.818,193.0,1.78,5.786,0.3,65.0,7.41814833654572,10.715103152788261,0.6923076923076923,0.6923076923076923,0.010715103152788261,0.000497357805296718,0.497357805296718,P-43m,215,52,683917,In4Cu9
In,114.818,193.0,1.78,5.786,0.3,65.0,7.972765128712618,14.495936597659306,0.55,0.55,0.014495936597659305,0.00047906142249058427,0.47906142249058425,P2/m,10,20,1188928,In9Cu11
Sn,118.71,217.0,1.96,7.344,1.2,53.0,3.251954651027275,13.0078186041091,0.25,0.75,0.004335939534703033,0.00013684284734857876,0.13684284734857877,P6_3/mmc,194,8,1184173,CuSn3
P,30.973762,180.0,2.19,10.487,0.746,25.0,4.066955054872396,5.4226067398298605,0.75,0.25,0.01626782021948958,0.00033121989918961,0.33121989918961,P-3c1,165,24,14012,Cu3P
N,14.007,155.0,3.04,14.534,,7.4,0.0,0.0,0.25,0.75,0.0,0.0,0.0,I4_1/a,88,16,504768,CuN3
Au,196.96657,166.0,2.54,9.226,2.309,36.06,1.351796733866109,5.407186935464436,0.25,0.75,0.0018023956451548122,8.367502156038286e-05,0.08367502156038287,Pm-3m,221,4,2103,CuAu3
N,14.007,155.0,3.04,14.534,,7.4,3.426758780735702,4.5690117076476024,0.75,0.25,0.013707035122942808,0.0003225950144986111,0.3225950144986111,Pm-3m,221,4,13480,Cu3N
P,30.973762,180.0,2.19,10.487,0.746,25.0,3.986164698002508,5.314886264003344,0.75,0.25,0.01594465879201003,0.0003192025883023447,0.3192025883023447,P-3c1,165,24,359,Cu3P
Se,78.97,190.0,2.55,9.752,2.021,28.9,1.6299081041861212,2.573539111872823,0.6333333333333333,0.36666666666666664,0.004445203920507603,9.366102670944238e-05,0.09366102670944237,P1,1,30,684970,Cu19Se11
Se,78.97,190.0,2.55,9.752,2.021,28.9,2.2294820760564438,3.3442231140846657,0.6666666666666666,0.3333333333333333,0.006688446228169331,0.00013822321734612364,0.13822321734612364,F-43m,216,3,22297,Cu2Se
I,126.9045,198.0,2.66,10.451,3.059,32.9,0.15528418196280624,0.3105683639256125,0.5,0.5,0.0003105683639256125,5.7041968089942284e-06,0.005704196808994228,R3m,160,8,32750,CuI
Sb,121.76,206.0,2.05,8.64,1.07,43.0,5.25096686827655,7.001289157702067,0.75,0.25,0.021003867473106203,0.00035480962107023066,0.3548096210702307,Pm-3m,221,4,1183969,Cu3Sb
H,1.008,120.0,2.2,13.598,0.754,4.50711,3.255959053813949,6.511918107627898,0.5,0.5,0.006511918107627898,0.00039798589530276796,0.39798589530276796,P-3m1,164,4,1225705,CuH
Dy,162.5,229.0,1.22,5.939,,163.0,6.177449776237173,7.059942601413912,0.875,0.875,0.007059942601413912,0.0004276910075741715,0.4276910075741715,Pmmm,47,24,1225716,DyCu7
N,14.007,155.0,3.04,14.534,,7.4,3.972470144919247,5.29662685989233,0.75,0.25,0.01588988057967699,0.00035880381269848337,0.3588038126984834,Immm,71,4,1225758,Cu3N
Zr,91.22,186.0,1.33,6.634,0.426,112.0,14.975608199833658,59.90243279933463,0.25,0.25,0.05990243279933463,0.0007474018218168445,0.7474018218168444,Pm-3m,221,4,580287,Zr3Cu
Sc,44.95591,211.0,1.36,6.561,0.188,97.0,8.521752980961919,11.362337307949227,0.75,0.75,0.011362337307949227,0.0006105755332056074,0.6105755332056074,Fm-3m,225,4,973100,ScCu3
N,14.007,155.0,3.04,14.534,,7.4,0.0,0.0,0.25,0.75,0.0,0.0,0.0,I4_1/amd,141,16,27954,CuN3
As,74.92159,185.0,2.18,9.815,0.81,30.0,4.512062128141828,6.016082837522437,0.75,0.25,0.01804824851256731,0.0003339900047217202,0.3339900047217202,P-3c1,165,24,7634,Cu3As
As,74.92159,185.0,2.18,9.815,0.81,30.0,5.063382153060503,6.329227691325628,0.8,0.2,0.025316910765302514,0.00038699251040541375,0.38699251040541377,P2_13,198,20,1246292,Cu4As
Cd,112.41,158.0,1.69,8.994,,46.0,4.702399941713865,16.45839979599853,0.2857142857142857,0.2857142857142857,0.01645839979599853,0.0002571865366645547,0.2571865366645547,P6_3/mmc,194,28,30696,Cd5Cu2
Al,26.981538,184.0,1.61,5.986,0.441,57.8,8.300770315398076,16.60154063079615,0.5,0.5,0.016601540630796153,0.0006164060681334098,0.6164060681334098,Pm-3m,221,2,1022721,AlCu
Ce,140.116,235.0,1.12,5.539,0.5,205.0,1.8971588377698771,3.7943176755397543,0.5,0.5,0.0037943176755397545,8.343770942868357e-05,0.08343770942868357,Pnma,62,8,636198,CeCu
Au,196.96657,166.0,2.54,9.226,2.309,36.06,1.291995946913277,2.583991893826554,0.5,0.5,0.002583991893826554,8.608766339263135e-05,0.08608766339263135,Imma,74,20,582681,CuAu
O,15.999,152.0,3.44,13.618,1.461,5.3,0.35284424413435395,0.7056884882687079,0.5,0.5,0.0007056884882687079,3.192176890331132e-05,0.031921768903311325,Cccm,66,4,1064456,CuO
Se,78.97,190.0,2.55,9.752,2.021,28.9,0.37619836667621603,0.7523967333524321,0.5,0.5,0.0007523967333524321,1.9077460990507517e-05,0.019077460990507517,P6_3/mmc,194,12,582060,CuSe
As,74.92159,185.0,2.18,9.815,0.81,30.0,4.151894307268837,5.535859076358449,0.75,0.25,0.016607577229075347,0.0003028760287882739,0.3028760287882739,I-43d,220,32,1966,Cu3As
S,32.07,180.0,2.58,10.36,2.077,19.4,1.9723893460005895,2.9585840190008845,0.6666666666666666,0.3333333333333333,0.005917168038001769,0.0001410837922303482,0.1410837922303482,P6_3/mmc,194,6,553942,Cu2S
In,114.818,193.0,1.78,5.786,0.3,65.0,5.398514139776328,21.59405655910531,0.25,0.25,0.02159405655910531,0.00023971528998550516,0.23971528998550518,Pm-3m,221,4,1184480,In3Cu
Cl,35.45,175.0,3.16,12.968,3.617,14.6,0.0,0.0,0.25,0.75,0.0,0.0,0.0,Cmmm,65,16,1213141,CuCl3
Mn,54.93804,197.0,1.55,7.434,,68.0,17.979238166018153,23.972317554690868,0.75,0.75,0.02397231755469087,0.0014509048281871656,1.4509048281871655,P6_3/mmc,194,8,974747,MnCu3
Pd,106.42,202.0,2.2,8.337,0.557,26.14,8.119594981325903,16.239189962651807,0.5,0.5,0.016239189962651807,0.0005816001150997236,0.5816001150997236,Cmmm,65,2,1225656,CuPd
Zr,91.22,186.0,1.33,6.634,0.426,112.0,15.072341874365987,45.21702562309796,0.3333333333333333,0.3333333333333333,0.04521702562309796,0.0007807987409458333,0.7807987409458333,Fd-3m,227,24,583800,Zr2Cu
Dy,162.5,229.0,1.22,5.939,,163.0,11.50165131156374,14.502082088493413,0.7931034482758621,0.7931034482758621,0.014502082088493413,0.0007677353071988147,0.7677353071988148,Fm-3m,225,29,1194041,Dy6Cu23
Tb,158.92535,221.0,,5.864,,170.0,10.116325033449675,12.139590040139609,0.8333333333333334,0.8333333333333334,0.012139590040139609,0.0007182685018136276,0.7182685018136277,F-43m,216,6,1077262,TbCu5
Se,78.97,190.0,2.55,9.752,2.021,28.9,0.8906086254032605,1.6822607368728255,0.5294117647058824,0.47058823529411764,0.0018925433289819285,4.5970139859717336e-05,0.04597013985971733,P1,1,17,673255,Cu9Se8
Mn,54.93804,197.0,1.55,7.434,,68.0,15.023032547484961,75.1151627374248,0.2,0.2,0.0751151627374248,0.0013495180989985605,1.3495180989985605,R-3m,166,5,1221725,Mn4Cu
O,15.999,152.0,3.44,13.618,1.461,5.3,4.81677230548239,5.418868843667688,0.8888888888888888,0.1111111111111111,0.043350950749341505,0.0004014883686881917,0.4014883686881917,Amm2,38,9,704745,Cu8O
Yb,173.05,242.0,,6.254,,139.0,19.02199489150353,76.08797956601413,0.25,0.25,0.07608797956601412,0.0008004495550404604,0.8004495550404603,Pm-3m,221,4,1187968,Yb3Cu
S,32.07,180.0,2.58,10.36,2.077,19.4,1.9882987531872005,2.9824481297808005,0.6666666666666666,0.3333333333333333,0.005964896259561601,0.00011962284424914485,0.11962284424914485,P1,1,18,674831,Cu2S
In,114.818,193.0,1.78,5.786,0.3,65.0,7.253043760565027,13.187352291936412,0.55,0.55,0.013187352291936412,0.0004215225159208447,0.4215225159208447,C2/m,12,20,1224313,In9Cu11
Sn,118.71,217.0,1.96,7.344,1.2,53.0,6.468371363110227,8.225212967905597,0.7864077669902912,0.21359223300970873,0.030283738654561517,0.0004533824904763386,0.4533824904763386,R3m,160,103,1227576,Cu81Sn22
Dy,162.5,229.0,1.22,5.939,,163.0,9.548308120390251,11.4579697444683,0.8333333333333334,0.8333333333333334,0.011457969744468301,0.0006822617059821642,0.6822617059821642,F-43m,216,6,30578,DyCu5
O,15.999,152.0,3.44,13.618,1.461,5.3,0.42290223931138426,0.8458044786227685,0.5,0.5,0.0008458044786227685,3.802603086454744e-05,0.03802603086454744,C2/c,15,4,704645,CuO
Al,26.981538,184.0,1.61,5.986,0.441,57.8,8.30847162578611,11.077962167714812,0.75,0.75,0.011077962167714813,0.0006905836653708073,0.6905836653708073,Pm-3m,221,4,1008555,AlCu3
Au,196.96657,166.0,2.54,9.226,2.309,36.06,0.0,0.0,0.25,0.75,0.0,0.0,0.0,P6_3/mmc,194,8,1184004,CuAu3
N,14.007,155.0,3.04,14.534,,7.4,3.0275603464223857,6.055120692844771,0.5,0.5,0.006055120692844772,0.00034174857101043886,0.3417485710104389,Pm-3m,221,2,1008923,CuN
Mg,24.305,173.0,1.31,7.646,,71.2,5.7483950001233906,22.993580000493562,0.25,0.25,0.022993580000493563,0.00030482562551619846,0.30482562551619846,Pmm2,25,4,1016224,Mg3Cu
S,32.07,180.0,2.58,10.36,2.077,19.4,0.17636305371515923,0.4328911318462999,0.4074074074074074,0.5925925925925926,0.0002976126531443312,9.73820777541348e-06,0.009738207775413479,Cm,8,27,675278,Cu11S16
Se,78.97,190.0,2.55,9.752,2.021,28.9,1.1767337952496353,2.3534675904992706,0.5,0.5,0.0023534675904992707,6.074833446246506e-05,0.06074833446246506,P4/nmm,129,4,580226,CuSe
Th,232.038,237.0,1.3,6.08,,240.0,11.574984357923723,34.724953073771175,0.3333333333333333,0.3333333333333333,0.03472495307377117,0.00045254748784903626,0.45254748784903626,I4/mcm,140,6,1034,Th2Cu
I,126.9045,198.0,2.66,10.451,3.059,32.9,0.0,0.0,0.2,0.8,0.0,0.0,0.0,I-42m,121,5,2745918,CuI4
Ti,47.867,187.0,1.54,6.828,0.079,100.0,6.461975617421753,10.769959362369589,0.6,0.6,0.010769959362369588,0.000476756479398176,0.476756479398176,P4/nmm,129,10,622570,Ti2Cu3
Pb,207.0,202.0,2.33,7.417,0.36,57.0,2.536930747604362,10.147722990417448,0.25,0.75,0.0033825743301391493,9.527205123858505e-05,0.09527205123858505,I4/mmm,139,4,1184185,CuPb3
Li,7.0,182.0,0.98,5.392,0.618,164.1125,11.42596011493739,15.234613486583186,0.75,0.75,0.015234613486583186,0.0009857670971279255,0.9857670971279255,Pm-3m,221,4,1185312,LiCu3
O,15.999,152.0,3.44,13.618,1.461,5.3,0.1473543379617704,0.4420630138853112,0.3333333333333333,0.6666666666666666,0.0002210315069426556,5.034572254329602e-06,0.005034572254329602,P1,1,3,654801,CuO2
N,14.007,155.0,3.04,14.534,,7.4,2.183977861917572,2.911970482556763,0.75,0.25,0.008735911447670289,0.00017294072523122943,0.17294072523122944,P4/mmm,123,8,1078576,Cu3N
Si,28.085,210.0,1.9,8.152,1.385,37.3,0.7238198286826693,1.3442368246963858,0.5384615384615384,0.46153846153846156,0.0015682762954791166,1.1675648134301487e-06,0.0011675648134301488,P-1,2,13,1213668,Cu7Si6
Se,78.97,190.0,2.55,9.752,2.021,28.9,1.5223666394775583,2.5197792653421653,0.6041666666666666,0.3958333333333333,0.0038459788786801476,8.26458257884198e-05,0.08264582578841981,R3m,160,48,685189,Cu29Se19
Nd,144.24,229.0,1.14,5.525,,208.0,9.92930628889161,11.584190670373545,0.8571428571428571,0.8571428571428571,0.011584190670373544,0.0006865349437717007,0.6865349437717007,P2_1/c,14,28,1945,NdCu6
O,15.999,152.0,3.44,13.618,1.461,5.3,1.2431914365851962,2.0719857276419935,0.6,0.4,0.0031079785914629905,0.00010336419126083896,0.10336419126083896,I4/mmm,139,5,1022728,Cu3O2
O,15.999,152.0,3.44,13.618,1.461,5.3,1.618312166748587,2.832046291810027,0.5714285714285714,0.42857142857142855,0.0037760617224133694,0.00014727198258076754,0.14727198258076754,P4/nmm,129,14,1023130,Cu4O3
S,32.07,180.0,2.58,10.36,2.077,19.4,0.0,0.0,0.3333333333333333,0.6666666666666666,0.0,0.0,0.0,Pbca,61,12,1147712,CuS2
Se,78.97,190.0,2.55,9.752,2.021,28.9,1.459955881230948,2.1899338218464224,0.6666666666666666,0.3333333333333333,0.004379867643692845,8.488324165563078e-05,0.08488324165563077,P4_32_12,96,12,1021499,Cu2Se
Ce,140.116,235.0,1.12,5.539,0.5,205.0,0.2757029572254994,1.1028118289019977,0.25,0.25,0.0011028118289019978,1.1433616971261238e-05,0.011433616971261237,Pm-3m,221,4,1006330,Ce3Cu
Hf,178.49,212.0,1.3,6.825,,103.0,7.037987671170352,9.38398356156047,0.75,0.75,0.00938398356156047,0.0004950712244026162,0.4950712244026162,I4/mmm,139,4,1184704,HfCu3
S,32.07,180.0,2.58,10.36,2.077,19.4,0.8131862415095987,1.219779362264398,0.6666666666666666,0.3333333333333333,0.002439558724528796,3.211264150667456e-05,0.032112641506674554,C2/m,12,6,1225993,Cu2S
Hg,200.59,209.0,2.0,10.438,,33.0,2.4484556324312217,4.54713188880084,0.5384615384615384,0.46153846153846156,0.00530498720360098,8.940322947141631e-05,0.08940322947141631,R3m,160,26,628808,Cu7Hg6
Al,26.981538,184.0,1.61,5.986,0.441,57.8,7.622102142039946,9.527627677549933,0.8,0.8,0.009527627677549933,0.0006263351593047026,0.6263351593047025,P2_13,198,20,1182885,AlCu4
Tl,204.383,196.0,1.62,6.108,0.2,66.0,3.6306279419539877,14.522511767815951,0.25,0.25,0.014522511767815952,0.00013932348307366853,0.13932348307366854,I4/mmm,139,4,1187546,Tl3Cu
I,126.9045,198.0,2.66,10.451,3.059,32.9,0.6227660961675325,1.245532192335065,0.5,0.5,0.0012455321923350651,2.2612276363741072e-05,0.022612276363741073,P3m1,156,12,570136,CuI
Y,88.90584,219.0,1.22,6.217,0.307,162.0,14.116525486399587,21.174788229599383,0.6666666666666666,0.6666666666666666,0.02117478822959938,0.0008349418959125052,0.8349418959125051,Cmcm,63,12,1102436,YCu2
Zn,65.4,139.0,1.65,9.394,,38.67,2.800258778826701,5.600517557653402,0.5,0.5,0.005600517557653402,0.0002142434093569242,0.2142434093569242,Cmmm,65,2,1215462,ZnCu
Al,26.981538,184.0,1.61,5.986,0.441,57.8,7.043046052465715,17.607615131164287,0.4,0.4,0.017607615131164288,0.00048640338029567527,0.48640338029567526,P-3m1,164,5,10886,Al3Cu2
V,50.9415,179.0,1.63,6.746,0.525,87.0,15.60178347157409,62.40713388629636,0.25,0.25,0.06240713388629636,0.0011976129278044017,1.1976129278044017,Fm-3m,225,4,979283,V3Cu
Mg,24.305,173.0,1.31,7.646,,71.2,4.1955072608874495,20.97753630443725,0.2,0.2,0.02097753630443725,0.000172494596152869,0.172494596152869,Fd-3m,227,10,1210855,Mg4Cu
As,74.92159,185.0,2.18,9.815,0.81,30.0,4.360126115659214,5.813501487545618,0.75,0.25,0.017440504462636855,0.00032672048776969233,0.3267204877696923,Fm-3m,225,4,1246900,Cu3As
S,32.07,180.0,2.58,10.36,2.077,19.4,0.22357724900602788,0.6707317470180836,0.3333333333333333,0.6666666666666666,0.0003353658735090418,1.370256341264309e-05,0.01370256341264309,Pnnm,58,6,849086,CuS2
Ge,72.63,211.0,2.01,7.9,1.35,40.0,5.218082935632849,6.957443914177133,0.75,0.25,0.0208723317425314,0.00039152013786563,0.39152013786563,P-6m2,187,4,1225745,Cu3Ge
Sr,87.62,249.0,0.95,5.695,,197.2,11.050366320084827,44.201465280339306,0.25,0.25,0.04420146528033931,0.00027441685670746456,0.2744168567074646,Pm-3m,221,4,1187104,Sr3Cu
O,15.999,152.0,3.44,13.618,1.461,5.3,0.2652374991463799,0.6630937478659498,0.4,0.6,0.00044206249857729984,2.4261008060731133e-05,0.024261008060731133,P2_1/c,14,20,755928,Cu2O3
P,30.973762,180.0,2.19,10.487,0.746,25.0,3.9930119340214385,5.324015912028585,0.75,0.25,0.015972047736085754,0.00032592743156320764,0.32592743156320764,P6_3cm,185,24,7463,Cu3P
Cl,35.45,175.0,3.16,12.968,3.617,14.6,0.4221287482930143,0.8442574965860286,0.5,0.5,0.0008442574965860285,2.5282171556894294e-05,0.025282171556894294,Fm-3m,225,2,571386,CuCl
S,32.07,180.0,2.58,10.36,2.077,19.4,1.820917517246934,2.8325383601618976,0.6428571428571429,0.35714285714285715,0.005098569048291415,0.00012204929153622334,0.12204929153622335,R-3m,166,14,542333,Cu9S5
N,14.007,155.0,3.04,14.534,,7.4,1.5982829061491657,3.1965658122983314,0.5,0.5,0.003196565812298331,0.00017690178628865404,0.17690178628865405,Fm-3m,225,2,1008922,CuN
O,15.999,152.0,3.44,13.618,1.461,5.3,0.8350887171204259,1.6701774342408517,0.5,0.5,0.0016701774342408517,5.9252732116771525e-05,0.059252732116771525,Pnma,62,16,510752,CuO
Se,78.97,190.0,2.55,9.752,2.021,28.9,0.37632533121739986,1.1289759936521995,0.3333333333333333,0.6666666666666666,0.0005644879968260998,1.9563449519647233e-05,0.01956344951964723,Pa-3,205,12,2280,CuSe2
I,126.9045,198.0,2.66,10.451,3.059,32.9,0.7396827921565154,1.479365584313031,0.5,0.5,0.001479365584313031,2.479261440622698e-05,0.02479261440622698,Cmcm,63,4,1007922,CuI
O,15.999,152.0,3.44,13.618,1.461,5.3,0.46342103233012955,1.1328069679180945,0.4090909090909091,0.5909090909090909,0.0007842509777894501,4.3920283124014684e-05,0.043920283124014685,C2/m,12,22,1045694,Cu9O13
Sn,118.71,217.0,1.96,7.344,1.2,53.0,6.415531366648375,8.554041822197835,0.75,0.25,0.0256621254665935,0.00045739679124060553,0.4573967912406055,P6_3/mmc,194,8,13138,Cu3Sn
Zr,91.22,186.0,1.33,6.634,0.426,112.0,14.068341502938921,28.136683005877842,0.5,0.5,0.028136683005877842,0.0008109478181209306,0.8109478181209306,Cm,8,8,1080022,ZrCu
Ce,140.116,235.0,1.12,5.539,0.5,205.0,0.0,0.0,0.25,0.25,0.0,0.0,0.0,I4/mmm,139,4,1183872,Ce3Cu
Ge,72.63,211.0,2.01,7.9,1.35,40.0,3.3748956160313934,13.499582464125574,0.25,0.75,0.0044998608213751914,0.00019510089783504427,0.19510089783504428,P6_3/mmc,194,8,1184147,CuGe3
Na,22.9897693,227.0,0.93,5.139,0.548,162.7,3.297421388613931,6.594842777227862,0.5,0.5,0.006594842777227862,0.00019079402222136338,0.19079402222136338,P-6m2,187,2,976292,NaCu
K,39.0983,275.0,0.82,4.341,0.501,289.7,8.08715211346239,32.34860845384956,0.25,0.25,0.032348608453849556,0.0001646661022221052,0.1646661022221052,Pm-3m,221,4,1184878,K3Cu
S,32.07,180.0,2.58,10.36,2.077,19.4,1.9966022574132514,3.1058257337539468,0.6428571428571429,0.35714285714285715,0.0055904863207571045,0.00014036828280978824,0.14036828280978825,P1,1,14,685108,Cu9S5
Pd,106.42,202.0,2.2,8.337,0.557,26.14,15.992377322661937,63.96950929064775,0.25,0.75,0.02132316976354925,0.0011260528977103774,1.1260528977103774,I4/mmm,139,4,1184119,CuPd3
Ti,47.867,187.0,1.54,6.828,0.079,100.0,6.78940367400525,9.052538232007,0.75,0.75,0.009052538232007001,0.000539136421710631,0.539136421710631,Pmmn,59,8,12546,TiCu3
Mg,24.305,173.0,1.31,7.646,,71.2,5.548936290130179,16.646808870390537,0.3333333333333333,0.3333333333333333,0.016646808870390536,0.00031355989993221223,0.3135598999322122,I4/mcm,140,6,1052023,Mg2Cu
Br,79.9,183.0,2.96,11.814,3.365,21.0,0.09465130066795523,0.18930260133591045,0.5,0.5,0.00018930260133591045,4.547158315160538e-06,0.004547158315160538,Pa-3,205,16,23212,CuBr
Al,26.981538,184.0,1.61,5.986,0.441,57.8,7.901751967569456,10.008885825587976,0.7894736842105263,0.7894736842105263,0.010008885825587977,0.000624619781601672,0.6246197816016721,P4/mmm,123,19,1228752,Al4Cu15
Al,26.981538,184.0,1.61,5.986,0.441,57.8,6.268157143955996,18.804471431867988,0.3333333333333333,0.3333333333333333,0.01880447143186799,0.0004369309183983589,0.4369309183983589,I4/mcm,140,6,998,Al2Cu
Pd,106.42,202.0,2.2,8.337,0.557,26.14,13.802012594959441,23.003354324932403,0.6,0.4,0.034505031487398606,0.0010701347795819766,1.0701347795819767,P4/mmm,123,10,1225751,Cu3Pd2
O,15.999,152.0,3.44,13.618,1.461,5.3,0.47241268607024023,0.8857737863817005,0.5333333333333333,0.4666666666666667,0.0010123128987219435,4.096486582459615e-05,0.04096486582459615,C2,5,15,32905,Cu8O7
Ge,72.63,211.0,2.01,7.9,1.35,40.0,2.5046107398763744,10.018442959505498,0.25,0.75,0.0033394809865018326,0.00013713299766123394,0.13713299766123394,P6_3/mmc,194,8,1025440,CuGe3
Eu,151.964,233.0,,5.67,,184.0,16.752453636549177,50.25736090964753,0.3333333333333333,0.3333333333333333,0.05025736090964753,0.0005387417531369747,0.5387417531369747,Pnma,62,12,1102243,Eu2Cu
S,32.07,180.0,2.58,10.36,2.077,19.4,0.3364829801380914,0.9346749448280317,0.36,0.64,0.0005257546564657678,1.6003521996275563e-05,0.016003521996275562,R3m,160,25,685056,Cu9S16
F,18.99840316,135.0,3.98,17.423,3.339,3.74,0.12003389041291052,0.36010167123873155,0.3333333333333333,0.6666666666666666,0.00018005083561936576,4.33116913655726e-06,0.0043311691365572605,I4/mmm,139,3,1147670,CuF2
H,1.008,120.0,2.2,13.598,0.754,4.50711,3.352733346744836,6.705466693489672,0.5,0.5,0.006705466693489672,0.0004260671235978579,0.42606712359785787,P6_3mc,186,4,24093,CuH
Mg,24.305,173.0,1.31,7.646,,71.2,5.408317993064002,10.816635986128004,0.5,0.5,0.010816635986128004,0.00035766320589332684,0.35766320589332684,P2/m,10,4,972916,MgCu
N,14.007,155.0,3.04,14.534,,7.4,0.147376193998963,0.294752387997926,0.5,0.5,0.000294752387997926,9.560612438285119e-06,0.00956061243828512,Ama2,40,4,1425089,CuN
Fe,55.84,194.0,1.83,7.902,0.163,62.0,19.463477958303137,77.85391183321255,0.25,0.25,0.07785391183321255,0.0016473826099989881,1.6473826099989881,I4/mmm,139,4,1184311,Fe3Cu
O,15.999,152.0,3.44,13.618,1.461,5.3,1.0682234419627077,1.2462606822898254,0.8571428571428571,0.14285714285714285,0.007477564093738953,1.0174993430224411e-05,0.010174993430224412,Cmmm,65,7,1207322,Cu6O
Nd,144.24,229.0,1.14,5.525,,208.0,22.25099993688842,89.00399974755368,0.25,0.25,0.08900399974755367,0.0008105692674709976,0.8105692674709977,I4/mmm,139,4,1186272,Nd3Cu
I,126.9045,198.0,2.66,10.451,3.059,32.9,0.0,0.0,0.3333333333333333,0.6666666666666666,0.0,0.0,0.0,P4/mmm,123,3,1213016,CuI2
Zn,65.4,139.0,1.65,9.394,,38.67,4.025637707664245,8.05127541532849,0.5,0.5,0.00805127541532849,0.00032176096523223185,0.32176096523223185,P4/mmm,123,2,2034504,ZnCu
Ga,69.723,187.0,1.81,5.999,0.3,50.0,7.484192810317013,11.22628921547552,0.6666666666666666,0.6666666666666666,0.01122628921547552,0.0005686883071963234,0.5686883071963235,Imma,74,6,1077001,GaCu2
Fe,55.84,194.0,1.83,7.902,0.163,62.0,5.941812587679531,11.883625175359063,0.5,0.5,0.011883625175359062,0.0005021937530880006,0.5021937530880005,Cmmm,65,2,1224945,FeCu
Se,78.97,190.0,2.55,9.752,2.021,28.9,1.268921668785303,2.2206129203742804,0.5714285714285714,0.42857142857142855,0.0029608172271657074,7.472332188436317e-05,0.07472332188436316,R-3m,166,7,1225796,Cu4Se3
Ge,72.63,211.0,2.01,7.9,1.35,40.0,3.150908747649792,12.603634990599168,0.25,0.75,0.004201211663533056,0.00018116567807569873,0.18116567807569872,I4/mmm,139,4,1184183,CuGe3
O,15.999,152.0,3.44,13.618,1.461,5.3,3.276270392017663,3.685804191019871,0.8888888888888888,0.1111111111111111,0.029486433528158967,0.00027796437806386966,0.27796437806386964,Cmmm,65,9,31217,Cu8O
Ga,69.723,187.0,1.81,5.999,0.3,50.0,8.854790122735114,11.806386830313485,0.75,0.75,0.011806386830313485,0.0007292664201648225,0.7292664201648226,I4/mmm,139,4,1184001,GaCu3
I,126.9045,198.0,2.66,10.451,3.059,32.9,0.15526106636028084,0.31052213272056167,0.5,0.5,0.0003105221327205617,5.702451065761889e-06,0.005702451065761889,Pc,7,8,22895,CuI
Zr,91.22,186.0,1.33,6.634,0.426,112.0,14.07432486910495,28.1486497382099,0.5,0.5,0.0281486497382099,0.0007919234853434328,0.7919234853434328,P2_1/m,11,4,1067210,ZrCu
Ce,140.116,235.0,1.12,5.539,0.5,205.0,3.927725973660899,4.71327116839308,0.8333333333333334,0.8333333333333334,0.00471327116839308,0.00026095326139262686,0.26095326139262687,P6/mmm,191,6,761,CeCu5
Na,22.9897693,227.0,0.93,5.139,0.548,162.7,9.076739848848936,12.102319798465247,0.75,0.75,0.012102319798465247,0.000643712660975702,0.643712660975702,I4/mmm,139,4,982381,NaCu3
Ti,47.867,187.0,1.54,6.828,0.079,100.0,14.58705401335221,29.17410802670442,0.5,0.5,0.02917410802670442,0.0010012728319205467,1.0012728319205466,Pm-3m,221,2,11364,TiCu
Cl,35.45,175.0,3.16,12.968,3.617,14.6,0.04458677350592305,0.0891735470118461,0.5,0.5,8.917354701184609e-05,2.321685691129517e-06,0.002321685691129517,R3m,160,2,22914,CuCl
Au,196.96657,166.0,2.54,9.226,2.309,36.06,4.442853014723993,8.885706029447986,0.5,0.5,0.008885706029447986,0.00028941122040177083,0.2894112204017708,R-3m,166,2,1225677,CuAu
La,138.9055,240.0,1.1,5.577,0.5,215.0,7.5210966799903565,8.774612793322083,0.8571428571428571,0.8571428571428571,0.008774612793322083,0.0004919499939941557,0.49194999399415573,Pnma,62,28,636256,LaCu6
Sm,150.4,229.0,1.17,5.644,,192.0,18.817513560353355,37.63502712070671,0.5,0.5,0.03763502712070671,0.0008617499049548521,0.8617499049548522,Pm-3m,221,2,12586,SmCu
Sm,150.4,229.0,1.17,5.644,,192.0,9.239792307815993,10.779757692451993,0.8571428571428571,0.8571428571428571,0.010779757692451993,0.0006484388431607041,0.6484388431607041,Pnma,62,28,30699,SmCu6
O,15.999,152.0,3.44,13.618,1.461,5.3,0.2138143684368231,0.6414431053104693,0.3333333333333333,0.6666666666666666,0.00032072155265523467,6.219621128109419e-06,0.006219621128109419,Cmcm,63,6,601195,CuO2
Te,127.6,206.0,2.1,9.01,1.971,38.0,0.7684392149180838,2.3053176447542514,0.3333333333333333,0.6666666666666666,0.0011526588223771256,3.2569726420779614e-05,0.03256972642077961,P-3m1,164,3,1207193,CuTe2
Ti,47.867,187.0,1.54,6.828,0.079,100.0,4.6856130118148265,7.8093550196913775,0.6,0.6,0.0078093550196913775,0.0003434454172014836,0.3434454172014836,I4/mmm,139,5,30599,Ti2Cu3
I,126.9045,198.0,2.66,10.451,3.059,32.9,0.1153832526067155,0.3461497578201465,0.3333333333333333,0.6666666666666666,0.00017307487891007325,2.8166872961891875e-06,0.0028166872961891873,P4/mmm,123,3,1147667,CuI2
Se,78.97,190.0,2.55,9.752,2.021,28.9,1.4432082157657158,2.512251338555135,0.574468085106383,0.425531914893617,0.003391539307049432,7.455321323628078e-05,0.07455321323628078,R3m,160,47,684606,Cu27Se20
Th,232.038,237.0,1.3,6.08,,240.0,3.4106898945059987,10.232069683517995,0.3333333333333333,0.3333333333333333,0.010232069683517996,0.0001351708569884407,0.13517085698844072,P6/mmm,191,3,579718,Th2Cu
U,238.0289,240.0,1.38,6.194,,180.0,10.159564265222514,12.191477118267017,0.8333333333333334,0.8333333333333334,0.012191477118267017,0.0006987915060764643,0.6987915060764643,F-43m,216,6,510148,UCu5
S,32.07,180.0,2.58,10.36,2.077,19.4,1.5467794588604362,2.320169188290654,0.6666666666666666,0.3333333333333333,0.004640338376581309,9.935893250875006e-05,0.09935893250875007,I4_1/amd,141,6,2831205,Cu2S
S,32.07,180.0,2.58,10.36,2.077,19.4,1.1386081854076133,1.70791227811142,0.6666666666666666,0.3333333333333333,0.00341582455622284,7.033086546261484e-05,0.07033086546261484,C2/c,15,6,1225835,Cu2S
Zr,91.22,186.0,1.33,6.634,0.426,112.0,10.720711578327426,14.294282104436569,0.75,0.75,0.014294282104436569,0.0007295357013831989,0.7295357013831989,P6_3/mmc,194,8,1188040,ZrCu3
Cl,35.45,175.0,3.16,12.968,3.617,14.6,0.0,0.0,0.2,0.8,0.0,0.0,0.0,I-42m,121,5,32829,CuCl4
Br,79.9,183.0,2.96,11.814,3.365,21.0,0.09470260728616613,0.28410782185849837,0.3333333333333333,0.6666666666666666,0.0001420539109292492,2.8912350142651714e-06,0.0028912350142651713,P4/mmm,123,3,1147530,CuBr2
As,74.92159,185.0,2.18,9.815,0.81,30.0,0.37121074377659385,1.1136322313297815,0.3333333333333333,0.6666666666666666,0.0005568161156648908,2.0349530903611778e-05,0.020349530903611777,Pnnm,58,6,21859,CuAs2
Se,78.97,190.0,2.55,9.752,2.021,28.9,0.5006080764681948,1.0012161529363897,0.5,0.5,0.0010012161529363895,2.4539029107012722e-05,0.024539029107012722,P6_3/mmc,194,12,488,CuSe
As,74.92159,185.0,2.18,9.815,0.81,30.0,4.045806862853286,5.3944091504710485,0.75,0.25,0.016183227451413144,0.0003156115970538063,0.31561159705380626,Pmmn,59,8,1245680,Cu3As
W,183.84,210.0,2.36,7.98,0.815,68.0,5.637121126787003,7.516161502382671,0.75,0.25,0.02254848450714801,0.00043565006234132643,0.4356500623413264,Fm-3m,225,4,1183970,Cu3W
Ni,58.693,163.0,1.91,7.64,1.156,49.0,5.085722057916357,10.171444115832713,0.5,0.5,0.010171444115832713,0.00046378031818878604,0.463780318188786,Cmmm,65,2,1225695,CuNi
Cl,35.45,175.0,3.16,12.968,3.617,14.6,0.2430813011114583,0.4861626022229166,0.5,0.5,0.00048616260222291655,1.2443430152790685e-05,0.012443430152790685,R3m,160,2,1225654,CuCl
Ga,69.723,187.0,1.81,5.999,0.3,50.0,8.90570187384042,11.874269165120557,0.75,0.75,0.011874269165120558,0.0007353505360014024,0.7353505360014024,Pm-3m,221,4,1183995,GaCu3
Y,88.90584,219.0,1.22,6.217,0.307,162.0,13.386217022828548,20.079325534242823,0.6666666666666666,0.6666666666666666,0.020079325534242822,0.0007734723729758415,0.7734723729758415,Fd-3m,227,6,1077241,YCu2
Pr,140.90766,239.0,1.13,5.464,,216.0,10.09998935979191,11.783320919757228,0.8571428571428571,0.8571428571428571,0.011783320919757229,0.0006914415939428042,0.6914415939428042,P2_1/c,14,28,567201,PrCu6
Y,88.90584,219.0,1.22,6.217,0.307,162.0,9.260237572214152,15.433729287023587,0.6,0.6,0.015433729287023587,0.0003960958384416821,0.39609583844168206,P2_1/m,11,20,1190402,Y2Cu3
Sn,118.71,217.0,1.96,7.344,1.2,53.0,4.1538816296580245,5.400046118555433,0.7692307692307693,0.23076923076923078,0.01800015372851811,0.0002721057780273819,0.2721057780273819,P-31m,162,26,569339,Cu10Sn3
Se,78.97,190.0,2.55,9.752,2.021,28.9,1.9234128459126598,2.9919755380863595,0.6428571428571429,0.35714285714285715,0.005385555968555447,0.00010948798988118034,0.10948798988118033,P1,1,14,685107,Cu9Se5
Pd,106.42,202.0,2.2,8.337,0.557,26.14,11.561161195727701,15.414881594303603,0.75,0.25,0.04624464478291081,0.00093407022378797,0.93407022378797,Pm-3m,221,4,580357,Cu3Pd
Te,127.6,206.0,2.1,9.01,1.971,38.0,0.936505096936857,1.873010193873714,0.5,0.5,0.001873010193873714,1.0201529766035579e-05,0.01020152976603558,Pmmn,59,4,1181516,CuTe
Hg,200.59,209.0,2.0,10.438,,33.0,2.5825302177138445,4.796127547182854,0.5384615384615384,0.46153846153846156,0.005595482138379996,0.00015378887688899056,0.15378887688899057,R3m,160,26,1192757,Cu7Hg6
O,15.999,152.0,3.44,13.618,1.461,5.3,0.15608305902264955,0.39020764755662385,0.4,0.6,0.0002601384317044159,1.1580005241110501e-05,0.0115800052411105,P2_1/c,14,20,755040,Cu2O3
Ta,180.9479,217.0,1.5,7.89,0.322,74.0,9.071704606989973,36.28681842795989,0.25,0.25,0.036286818427959895,0.0005354442574620944,0.5354442574620945,I4/mmm,139,4,1187227,Ta3Cu
S,32.07,180.0,2.58,10.36,2.077,19.4,1.8745931704001453,3.0201778856446784,0.6206896551724138,0.3793103448275862,0.004942109267418565,0.00012054817634887748,0.12054817634887748,P1,1,29,684898,Cu18S11
Sn,118.71,217.0,1.96,7.344,1.2,53.0,5.979835410004131,7.584181495614995,0.7884615384615384,0.21153846153846154,0.028268312847292254,0.0004258003123388593,0.4258003123388593,F-43m,216,104,1213530,Cu41Sn11
O,15.999,152.0,3.44,13.618,1.461,5.3,5.441960028945016,5.526990654397282,0.9846153846153847,0.015384615384615385,0.35372740188142604,0.0004612015253544383,0.4612015253544383,Amm2,38,65,1213626,Cu64O
Mg,24.305,173.0,1.31,7.646,,71.2,9.791419199574833,58.748515197448995,0.16666666666666666,0.16666666666666666,0.058748515197448996,0.0004922834800380885,0.49228348003808853,P-62m,189,6,1185803,Mg5Cu
As,74.92159,185.0,2.18,9.815,0.81,30.0,1.8483937271124444,4.312918696595704,0.42857142857142855,0.5714285714285714,0.0032346890224467777,0.00010101624340976287,0.10101624340976287,Immm,71,14,1181754,Cu3As4
Mg,24.305,173.0,1.31,7.646,,71.2,6.50217071643446,7.8026048597213515,0.8333333333333334,0.8333333333333334,0.007802604859721352,0.0005092383698171282,0.5092383698171281,R32,155,6,1185860,MgCu5
Sn,118.71,217.0,1.96,7.344,1.2,53.0,4.981940508732441,9.133557599342806,0.5454545454545454,0.45454545454545453,0.010960269119211368,0.0002819131842500852,0.2819131842500852,C2/c,15,22,1233,Cu6Sn5
N,14.007,155.0,3.04,14.534,,7.4,4.271874221150685,5.6958322948675795,0.75,0.25,0.01708749688460274,0.0003959688504242079,0.39596885042420793,P-3m1,164,4,1225746,Cu3N
Sn,118.71,217.0,1.96,7.344,1.2,53.0,6.070901480246882,8.094535306995844,0.75,0.25,0.02428360592098753,0.0004143354008357378,0.41433540083573783,Fm-3m,225,4,838,Cu3Sn
Ti,47.867,187.0,1.54,6.828,0.079,100.0,20.015509309806614,80.06203723922646,0.25,0.25,0.08006203723922646,0.0012814193832715627,1.2814193832715628,Pm-3m,221,4,11365,Ti3Cu
U,238.0289,240.0,1.38,6.194,,180.0,5.155582984876824,20.622331939507298,0.25,0.25,0.0206223319395073,0.0002828695125402757,0.2828695125402757,I4/mmm,139,4,1187776,U3Cu
Ge,72.63,211.0,2.01,7.9,1.35,40.0,6.855088581031438,9.140118108041918,0.75,0.25,0.027420354324125755,0.0005556443984560996,0.5556443984560996,Pmmn,59,8,19724,Cu3Ge
Na,22.9897693,227.0,0.93,5.139,0.548,162.7,9.180844850917081,12.241126467889442,0.75,0.75,0.012241126467889442,0.0006557593939004495,0.6557593939004495,Pm-3m,221,4,1185666,NaCu3
As,74.92159,185.0,2.18,9.815,0.81,30.0,3.323951108737876,4.4319348116505015,0.75,0.25,0.013295804434951505,0.0002405945548368733,0.2405945548368733,P-3c1,165,24,8066,Cu3As
Se,78.97,190.0,2.55,9.752,2.021,28.9,1.4793209569542662,2.2189814354313993,0.6666666666666666,0.3333333333333333,0.004437962870862799,8.566919383909976e-05,0.08566919383909975,Imm2,44,3,1225805,Cu2Se
Be,9.012183,153.0,1.57,9.323,,37.74,6.959977783971457,27.839911135885828,0.25,0.25,0.02783991113588583,0.0008046380795020934,0.8046380795020934,Cm,8,12,1227357,Be3Cu
Pu,244.0642,243.0,1.28,6.06,,145.0,7.18751684356624,8.385436317493946,0.8571428571428571,0.8571428571428571,0.008385436317493946,0.0004956223226581289,0.4956223226581289,Pnma,62,28,1192935,PuCu6
I,126.9045,198.0,2.66,10.451,3.059,32.9,0.344889504302275,0.68977900860455,0.5,0.5,0.00068977900860455,1.2373423152919102e-05,0.012373423152919102,Pc,7,8,673245,CuI
Rh,102.9055,195.0,2.28,7.459,1.137,66.0,12.560585195585945,16.74744692744793,0.75,0.25,0.05024234078234378,0.0010337162159193666,1.0337162159193667,P6_3/mmc,194,8,1184027,Cu3Rh
Ni,58.693,163.0,1.91,7.64,1.156,49.0,6.287529811371453,12.575059622742906,0.5,0.5,0.012575059622742905,0.0005808053355092913,0.5808053355092914,R-3m,166,2,1225687,CuNi
S,32.07,180.0,2.58,10.36,2.077,19.4,2.046769490470637,3.0701542357059552,0.6666666666666666,0.3333333333333333,0.00614030847141191,0.00013419471961130595,0.13419471961130594,Imm2,44,3,1225811,Cu2S
Sn,118.71,217.0,1.96,7.344,1.2,53.0,6.280304088099046,8.164395314528761,0.7692307692307693,0.23076923076923078,0.0272146510484292,0.00045319241299001013,0.4531924129900101,P6_3,173,26,30597,Cu10Sn3
Hg,200.59,209.0,2.0,10.438,,33.0,2.7206110568164052,5.052563391230467,0.5384615384615384,0.46153846153846156,0.0058946572897688775,0.00016314847102921311,0.16314847102921312,R3m,160,26,1192989,Cu7Hg6
Br,79.9,183.0,2.96,11.814,3.365,21.0,0.0,0.0,0.3333333333333333,0.6666666666666666,0.0,0.0,0.0,C2/m,12,3,23219,CuBr2
O,15.999,152.0,3.44,13.618,1.461,5.3,0.059209954745660015,0.17762986423698005,0.3333333333333333,0.6666666666666666,8.881493211849003e-05,1.6104386877028666e-06,0.0016104386877028665,Pmmm,47,3,705439,CuO2
As,74.92159,185.0,2.18,9.815,0.81,30.0,1.8156168202038274,5.446850460611483,0.3333333333333333,0.6666666666666666,0.0027234252303057413,0.00010794750887269149,0.10794750887269149,I4/mcm,140,6,1245797,CuAs2
As,74.92159,185.0,2.18,9.815,0.81,30.0,3.72921058769596,5.220894822774343,0.7142857142857143,0.2857142857142857,0.01305223705693586,0.0002780287259420016,0.2780287259420016,P-1,2,14,504746,Cu5As2
O,15.999,152.0,3.44,13.618,1.461,5.3,0.40803787258335855,0.9792908942000607,0.4166666666666667,0.5833333333333334,0.0006994934958571861,3.8205690652552467e-05,0.038205690652552464,Cmcm,63,24,1045868,Cu5O7
Sn,118.71,217.0,1.96,7.344,1.2,53.0,4.46939052756686,8.93878105513372,0.5,0.5,0.00893878105513372,0.00024007955795496793,0.24007955795496794,P6_3/mmc,194,4,10598,CuSn
Fe,55.84,194.0,1.83,7.902,0.163,62.0,5.020740098496842,6.694320131329122,0.75,0.75,0.006694320131329122,0.00041979420083933114,0.41979420083933117,Cmmm,65,4,1224953,FeCu3
S,32.07,180.0,2.58,10.36,2.077,19.4,2.151928663241623,3.3474445872647465,0.6428571428571429,0.35714285714285715,0.006025400257076543,0.0001450785177212885,0.14507851772128852,P-1,2,28,684710,Cu9S5
O,15.999,152.0,3.44,13.618,1.461,5.3,1.2363901844711263,2.4727803689422525,0.5,0.5,0.0024727803689422526,0.00011021434940986158,0.11021434940986158,P4/mmm,123,6,1147768,CuO
Ga,69.723,187.0,1.81,5.999,0.3,50.0,5.938644251903444,23.754577007613776,0.25,0.25,0.023754577007613777,0.00036150071823379867,0.36150071823379865,Pm-3m,221,4,984518,Ga3Cu
Se,78.97,190.0,2.55,9.752,2.021,28.9,1.4191734606040969,2.1287601909061453,0.6666666666666666,0.3333333333333333,0.004257520381812291,8.40405943433694e-05,0.0840405943433694,Pmn2_1,31,6,684653,Cu2Se
O,15.999,152.0,3.44,13.618,1.461,5.3,0.15840870744249064,0.47522612232747197,0.3333333333333333,0.6666666666666666,0.00023761306116373599,5.673448473855384e-06,0.005673448473855385,Fmmm,69,3,600604,CuO2
In,114.818,193.0,1.78,5.786,0.3,65.0,4.589942103143172,13.769826309429515,0.3333333333333333,0.3333333333333333,0.013769826309429516,0.00020907340159739016,0.20907340159739016,I4/mcm,140,6,1072518,In2Cu
Nd,144.24,229.0,1.14,5.525,,208.0,9.91652776882616,11.569282396963853,0.8571428571428571,0.8571428571428571,0.011569282396963853,0.0006852835742952709,0.6852835742952709,Pnma,62,28,1193079,NdCu6
Nb,92.90637,207.0,1.6,6.759,0.893,98.0,14.081519301033376,56.326077204133504,0.25,0.25,0.056326077204133504,0.0008291734575654999,0.8291734575654999,Fm-3m,225,4,1186214,Nb3Cu
O,15.999,152.0,3.44,13.618,1.461,5.3,0.9517427924844819,1.9034855849689638,0.5,0.5,0.0019034855849689638,0.00010037552795701684,0.10037552795701683,Fm-3m,225,2,14549,CuO
P,30.973762,180.0,2.19,10.487,0.746,25.0,3.8897225238182993,5.186296698424399,0.75,0.25,0.015558890095273198,0.0003125432096895422,0.3125432096895422,P-3m1,164,8,7540,Cu3P
As,74.92159,185.0,2.18,9.815,0.81,30.0,1.6472571730425516,3.294514346085103,0.5,0.5,0.0032945143460851034,0.00010458646208114766,0.10458646208114765,P6_3/mmc,194,4,12070,CuAs
Sb,121.76,206.0,2.05,8.64,1.07,43.0,4.9173322370098616,6.39253190811282,0.7692307692307693,0.23076923076923078,0.021308439693709397,0.00033795578478767725,0.33795578478767724,P6_3/m,176,26,2004,Cu10Sb3
Na,22.9897693,227.0,0.93,5.139,0.548,162.7,7.919721304345191,31.678885217380763,0.25,0.25,0.03167888521738076,0.0003125795477940748,0.3125795477940748,I4/mmm,139,4,1186036,Na3Cu
In,114.818,193.0,1.78,5.786,0.3,65.0,7.753035326323108,11.075764751890153,0.7,0.7,0.011075764751890153,0.0005382672874742257,0.5382672874742257,P-1,2,40,21985,In3Cu7
In,114.818,193.0,1.78,5.786,0.3,65.0,5.1065312463453765,15.31959373903613,0.3333333333333333,0.3333333333333333,0.01531959373903613,0.00023290536773604083,0.23290536773604084,P6_3/mmc,194,6,1018730,In2Cu
Sb,121.76,206.0,2.05,8.64,1.07,43.0,5.124626060918837,6.522251350260338,0.7857142857142857,0.21428571428571427,0.023914921617621238,0.00035763488104158546,0.3576348810415855,Amm2,38,14,30596,Cu11Sb3
Ga,69.723,187.0,1.81,5.999,0.3,50.0,8.89012530957339,11.85350041276452,0.75,0.75,0.01185350041276452,0.0007348872271349834,0.7348872271349833,P6_3/mmc,194,8,865798,GaCu3
Rh,102.9055,195.0,2.28,7.459,1.137,66.0,11.287178651833662,15.049571535778217,0.75,0.25,0.04514871460733465,0.0009285510184906039,0.928551018490604,I4/mmm,139,4,1184028,Cu3Rh
N,14.007,155.0,3.04,14.534,,7.4,0.0,0.0,0.14285714285714285,0.8571428571428571,0.0,0.0,0.0,Pnma,62,28,608366,CuN6
Mg,24.305,173.0,1.31,7.646,,71.2,9.26119423536007,74.08955388288057,0.125,0.125,0.07408955388288056,0.00044463693739048884,0.4446369373904888,P-6m2,187,8,1016285,Mg7Cu
Sn,118.71,217.0,1.96,7.344,1.2,53.0,5.101878302988013,9.183380945378424,0.5555555555555556,0.4444444444444444,0.01147922618172303,0.0002924512045362957,0.2924512045362957,C2,5,27,568524,Cu5Sn4
S,32.07,180.0,2.58,10.36,2.077,19.4,0.6714400587127531,1.3428801174255063,0.5,0.5,0.0013428801174255062,2.2203880365391268e-05,0.022203880365391268,P3m1,156,2,1096941,CuS
Ge,72.63,211.0,2.01,7.9,1.35,40.0,4.908827172023523,6.872358040832932,0.7142857142857143,0.2857142857142857,0.01718089510208233,0.00035610070107373366,0.35610070107373365,R3m,160,7,1225769,Cu5Ge2
Cl,35.45,175.0,3.16,12.968,3.617,14.6,0.27451218323632476,0.8235365497089743,0.3333333333333333,0.6666666666666666,0.0004117682748544871,1.1545505639717683e-05,0.011545505639717683,R-3m,166,3,1238872,CuCl2
S,32.07,180.0,2.58,10.36,2.077,19.4,1.0912302675353136,2.182460535070627,0.5,0.5,0.0021824605350706273,7.297005623200576e-05,0.07297005623200577,P6_3/mmc,194,4,558139,CuS
Be,9.012183,153.0,1.57,9.323,,37.74,7.4101612948187405,29.640645179274962,0.25,0.25,0.029640645179274963,0.0008454529148682673,0.8454529148682673,Fm-3m,225,4,1183404,Be3Cu
Np,237.048172,221.0,1.36,6.266,,160.0,6.9165037622493095,27.666015048997238,0.25,0.25,0.02766601504899724,0.00041485484199170063,0.41485484199170064,Fm-3m,225,4,1186160,Np3Cu
Cl,35.45,175.0,3.16,12.968,3.617,14.6,0.38172537094130227,1.1451761128239069,0.3333333333333333,0.6666666666666666,0.0005725880564119534,8.208343735155211e-06,0.008208343735155211,I4/mmm,139,3,1147756,CuCl2
N,14.007,155.0,3.04,14.534,,7.4,2.1423458551974917,3.2135187827962377,0.6666666666666666,0.3333333333333333,0.006427037565592476,0.0001998593746402188,0.1998593746402188,P4/mmm,123,3,1147700,Cu2N
Rh,102.9055,195.0,2.28,7.459,1.137,66.0,14.507806820674752,29.015613641349503,0.5,0.5,0.029015613641349504,0.001126591630678983,1.126591630678983,R-3m,166,2,1225704,CuRh
Cd,112.41,158.0,1.69,8.994,,46.0,5.8264917229085516,8.739737584362826,0.6666666666666666,0.6666666666666666,0.008739737584362826,0.0004058642984613094,0.4058642984613094,P6_3/mmc,194,24,568315,CdCu2
Zr,91.22,186.0,1.33,6.634,0.426,112.0,14.126425263458447,28.252850526916895,0.5,0.5,0.028252850526916895,0.0008119348848050145,0.8119348848050144,P2_1/m,11,4,2018976,ZrCu
S,32.07,180.0,2.58,10.36,2.077,19.4,2.043078421407442,3.0646176321111622,0.6666666666666666,0.3333333333333333,0.006129235264222325,0.0001431837021152036,0.14318370211520362,Fm-3m,225,3,12087,Cu2S
In,114.818,193.0,1.78,5.786,0.3,65.0,6.397612854922932,9.5964192823844,0.6666666666666666,0.6666666666666666,0.009596419282384399,0.0004160653117731008,0.4160653117731008,P6_3/mmc,194,6,12118,InCu2
Br,79.9,183.0,2.96,11.814,3.365,21.0,0.8411022985192785,1.682204597038557,0.5,0.5,0.0016822045970385571,4.3561406674656216e-05,0.04356140667465622,Fm-3m,225,2,570354,CuBr
Au,196.96657,166.0,2.54,9.226,2.309,36.06,0.0,0.0,0.2,0.8,0.0,0.0,0.0,R-3m,166,5,1225742,CuAu4
Sn,118.71,217.0,1.96,7.344,1.2,53.0,5.182684056146539,9.547049577112046,0.5428571428571428,0.45714285714285713,0.011337121372820554,0.00028058824420261344,0.28058824420261347,P1,1,35,1225980,Cu19Sn16
Se,78.97,190.0,2.55,9.752,2.021,28.9,1.7123436357942614,2.6636456556799626,0.6428571428571429,0.35714285714285715,0.004794562180223933,0.00010141928284208564,0.10141928284208564,P-1,2,28,673655,Cu9Se5
Si,28.085,210.0,1.9,8.152,1.385,37.3,5.7390991967407246,7.378841824380931,0.7777777777777778,0.2222222222222222,0.02582594638533326,0.00047111633753127343,0.4711163375312734,P-3m1,164,9,1206157,Cu7Si2
Cl,35.45,175.0,3.16,12.968,3.617,14.6,0.06335204172430517,0.1900561251729155,0.3333333333333333,0.6666666666666666,9.502806258645776e-05,2.1539063468233374e-06,0.0021539063468233375,P4/mmm,123,3,1147758,CuCl2
As,74.92159,185.0,2.18,9.815,0.81,30.0,1.5612208994158883,3.9030522485397205,0.4,0.6,0.002602034832359814,8.990628805760976e-05,0.08990628805760977,P-3m1,164,5,1245668,Cu2As3
Co,58.93319,192.0,1.88,7.881,0.661,55.0,13.189053287326741,52.756213149306966,0.25,0.25,0.052756213149306966,0.0011849967614772118,1.184996761477212,I4/mmm,139,4,1183752,Co3Cu
Se,78.97,190.0,2.55,9.752,2.021,28.9,0.6848552654547128,1.2936155014144575,0.5294117647058824,0.47058823529411764,0.0014553174390912645,3.3845711697136336e-05,0.033845711697136335,P1,1,17,936248,Cu9Se8
Al,26.981538,184.0,1.61,5.986,0.441,57.8,7.48290145264547,9.977201936860627,0.75,0.75,0.009977201936860627,0.0006213030673428373,0.6213030673428372,Fm-3m,225,4,12777,AlCu3
Br,79.9,183.0,2.96,11.814,3.365,21.0,1.1487463841221968,2.2974927682443935,0.5,0.5,0.0022974927682443934,5.1178375851431484e-05,0.051178375851431486,P4/nmm,129,4,22917,CuBr
Li,7.0,182.0,0.98,5.392,0.618,164.1125,15.901342204096292,63.605368816385166,0.25,0.25,0.06360536881638516,0.001081232247510633,1.081232247510633,I4/mmm,139,4,975882,Li3Cu
O,15.999,152.0,3.44,13.618,1.461,5.3,2.4050159063160557,4.509404824342605,0.5333333333333333,0.4666666666666667,0.0051536055135344054,0.00024392874100432702,0.24392874100432702,Fm-3m,225,15,1147761,Cu8O7
O,15.999,152.0,3.44,13.618,1.461,5.3,0.864317070763927,1.728634141527854,0.5,0.5,0.001728634141527854,8.470960130102964e-05,0.08470960130102964,Pm-3m,221,6,1120722,CuO
O,15.999,152.0,3.44,13.618,1.461,5.3,0.1381941093531494,0.4145823280594482,0.3333333333333333,0.6666666666666666,0.00020729116402972412,5.7592711398905955e-06,0.0057592711398905955,Cmcm,63,6,2933735,CuO2
As,74.92159,185.0,2.18,9.815,0.81,30.0,1.381703040340398,4.145109121021194,0.3333333333333333,0.6666666666666666,0.002072554560510597,7.506787854300178e-05,0.07506787854300179,I4/mmm,139,3,1245811,CuAs2
Tl,204.383,196.0,1.62,6.108,0.2,66.0,3.4588122096487295,13.835248838594918,0.25,0.25,0.013835248838594917,0.00013182260764799168,0.1318226076479917,Pm-3m,221,4,1187519,Tl3Cu
Ho,164.93033,216.0,1.23,6.022,,156.0,9.689428942220859,11.62731473066503,0.8333333333333334,0.8333333333333334,0.011627314730665032,0.000696395715620758,0.696395715620758,F-43m,216,6,580364,HoCu5
O,15.999,152.0,3.44,13.618,1.461,5.3,0.37560133202966317,0.939003330074158,0.4,0.6,0.0006260022200494387,3.4973118162963604e-05,0.034973118162963605,Cmcm,63,20,1046820,Cu2O3
Au,196.96657,166.0,2.54,9.226,2.309,36.06,4.716830785530817,5.896038481913522,0.8,0.2,0.02358415392765409,0.00035331569390253606,0.35331569390253603,R-3m,166,5,1225761,Cu4Au
Sb,121.76,206.0,2.05,8.64,1.07,43.0,4.082662579892432,5.443550106523243,0.75,0.25,0.016330650319569727,0.00027068002671765644,0.27068002671765645,Fm-3m,225,4,2002,Cu3Sb
Ni,58.693,163.0,1.91,7.64,1.156,49.0,14.380739585644386,57.522958342577546,0.25,0.75,0.01917431944752585,0.0013073708456615063,1.3073708456615063,Cmmm,65,4,1225694,CuNi3
S,32.07,180.0,2.58,10.36,2.077,19.4,1.852687816545189,2.7790317248177834,0.6666666666666666,0.3333333333333333,0.005558063449635567,0.00013113936222567557,0.13113936222567557,I-42d,122,6,1394093,Cu2S
Pm,144.91276,236.0,,5.55,,200.0,22.20606124479988,88.82424497919952,0.25,0.25,0.08882424497919952,0.0008032333247061917,0.8032333247061917,I4/mmm,139,4,1186511,Pm3Cu
Si,28.085,210.0,1.9,8.152,1.385,37.3,5.370969114731339,7.161292152975118,0.75,0.25,0.021483876458925355,0.00046380705416852394,0.46380705416852397,I4/mmm,139,4,972828,Cu3Si
O,15.999,152.0,3.44,13.618,1.461,5.3,0.43566042359901025,0.8168632942481442,0.5333333333333333,0.4666666666666667,0.0009335580505693077,3.7874012488124294e-05,0.037874012488124296,Cm,8,15,760084,Cu8O7
Fe,55.84,194.0,1.83,7.902,0.163,62.0,11.278438209794746,45.113752839178986,0.25,0.25,0.04511375283917898,0.00095689241510418,0.95689241510418,Cmmm,65,4,1225131,Fe3Cu
F,18.99840316,135.0,3.98,17.423,3.339,3.74,0.5544751153882125,1.108950230776425,0.5,0.5,0.001108950230776425,3.8963053764871935e-05,0.038963053764871934,F-43m,216,2,10634,CuF
Pb,207.0,202.0,2.33,7.417,0.36,57.0,2.4639281460173743,9.855712584069497,0.25,0.75,0.0032852375280231654,9.136298498494422e-05,0.09136298498494422,Pm-3m,221,4,1184128,CuPb3
Ti,47.867,187.0,1.54,6.828,0.079,100.0,17.04557204642965,59.65950216250377,0.2857142857142857,0.2857142857142857,0.05965950216250377,0.0010562292489600157,1.0562292489600158,Pbam,55,28,1208489,Ti5Cu2
La,138.9055,240.0,1.1,5.577,0.5,215.0,7.70449765781948,8.988580600789394,0.8571428571428571,0.8571428571428571,0.008988580600789393,0.0005185570255065734,0.5185570255065735,P2_1/c,14,28,30590,LaCu6
Sn,118.71,217.0,1.96,7.344,1.2,53.0,6.482635412965782,8.643513883954375,0.75,0.25,0.025930541651863127,0.00046340601415514865,0.46340601415514865,Pmmn,59,8,581786,Cu3Sn
Se,78.97,190.0,2.55,9.752,2.021,28.9,1.8008362628364045,2.7012543942546063,0.6666666666666666,0.3333333333333333,0.005402508788509213,0.00010534008220604783,0.10534008220604783,Cm,8,12,684525,Cu2Se
As,74.92159,185.0,2.18,9.815,0.81,30.0,4.271542854441304,5.695390472588405,0.75,0.25,0.017086171417765215,0.0003365236864758071,0.3365236864758071,Pm-3m,221,4,1184008,Cu3As
Gd,157.25,237.0,1.2,6.15,,158.0,13.13488882713261,26.26977765426522,0.5,0.5,0.02626977765426522,0.0006206195902562591,0.6206195902562591,Pm-3m,221,2,614455,GdCu
Y,88.90584,219.0,1.22,6.217,0.307,162.0,12.795808649753226,25.591617299506453,0.5,0.5,0.02559161729950645,0.0006188413012016957,0.6188413012016957,Pm-3m,221,2,712,YCu
S,32.07,180.0,2.58,10.36,2.077,19.4,1.8863912172304282,2.8537713286306476,0.6610169491525424,0.3389830508474576,0.005564854090829763,0.00012992610910601184,0.12992610910601185,C2,5,59,685126,Cu39S20
Cr,51.996,189.0,1.66,6.767,0.666,83.0,18.558303133093492,74.23321253237397,0.25,0.25,0.07423321253237397,0.00158853501006765,1.5885350100676499,Pm-3m,221,4,984711,Cr3Cu
Ni,58.693,163.0,1.91,7.64,1.156,49.0,22.562880239369072,90.25152095747629,0.25,0.75,0.030083840319158766,0.0021086965195454364,2.1086965195454366,I4/mmm,139,4,1184054,CuNi3
Pr,140.90766,239.0,1.13,5.464,,216.0,23.082294088931626,92.3291763557265,0.25,0.25,0.0923291763557265,0.000810078168841111,0.8100781688411111,I4/mmm,139,4,975642,Pr3Cu
As,74.92159,185.0,2.18,9.815,0.81,30.0,2.993359558446945,5.98671911689389,0.5,0.5,0.00598671911689389,0.0001863482491254635,0.1863482491254635,C2/m,12,10,1246684,CuAs
Zr,91.22,186.0,1.33,6.634,0.426,112.0,8.846440795689242,10.615728954827093,0.8333333333333334,0.8333333333333334,0.010615728954827092,0.0006683990559676881,0.6683990559676881,F-43m,216,6,30603,ZrCu5
Mg,24.305,173.0,1.31,7.646,,71.2,7.873497899943219,15.746995799886438,0.5,0.5,0.015746995799886438,0.0005011265260772577,0.5011265260772577,Pmma,51,4,2672345,MgCu
Ba,137.33,268.0,0.89,5.212,,272.0,7.311598631703726,7.874029295680936,0.9285714285714286,0.9285714285714286,0.007874029295680936,0.000523740710608834,0.523740710608834,Fm-3c,226,28,642,BaCu13
Ru,101.1,207.0,2.2,7.361,1.05,72.0,9.903890919093078,13.205187892124105,0.75,0.25,0.03961556367637231,0.0007855189717810753,0.7855189717810753,P6_3/mmc,194,8,1184026,Cu3Ru
O,15.999,152.0,3.44,13.618,1.461,5.3,0.12112969005943601,0.363389070178308,0.3333333333333333,0.6666666666666666,0.00018169453508915401,1.0364090352306714e-05,0.010364090352306714,Fd-3m,227,12,504100,CuO2
O,15.999,152.0,3.44,13.618,1.461,5.3,0.15930872749886765,0.47792618249660296,0.3333333333333333,0.6666666666666666,0.00023896309124830147,1.4948747132928994e-05,0.014948747132928994,Cmcm,63,6,1181499,CuO2
N,14.007,155.0,3.04,14.534,,7.4,0.1758270274302455,0.351654054860491,0.5,0.5,0.000351654054860491,1.6167057024000264e-05,0.016167057024000266,F-43m,216,2,13117,CuN
Sb,121.76,206.0,2.05,8.64,1.07,43.0,3.0810238112152915,4.621535716822938,0.6666666666666666,0.3333333333333333,0.009243071433645875,0.00019083936211239743,0.19083936211239744,P4/nmm,129,6,1825,Cu2Sb
S,32.07,180.0,2.58,10.36,2.077,19.4,1.4298258147974232,2.1447387221961347,0.6666666666666666,0.3333333333333333,0.004289477444392269,7.194786460393786e-05,0.07194786460393786,C2/m,12,6,2014814,Cu2S
Te,127.6,206.0,2.1,9.01,1.971,38.0,2.3013576743727473,3.6164192025857456,0.6363636363636364,0.36363636363636365,0.006328733604525055,0.0001242594220844128,0.12425942208441279,P3m1,156,22,624307,Cu7Te4
Cl,35.45,175.0,3.16,12.968,3.617,14.6,0.3543999653362988,0.7087999306725976,0.5,0.5,0.0007087999306725976,2.0539284161109473e-05,0.020539284161109474,Pa-3,205,16,23287,CuCl
Ru,101.1,207.0,2.2,7.361,1.05,72.0,8.760954465980761,35.043817863923046,0.25,0.75,0.011681272621307684,0.0006455609719946343,0.6455609719946342,I4/mmm,139,4,1184121,CuRu3
Al,26.981538,184.0,1.61,5.986,0.441,57.8,5.463220491433602,21.852881965734408,0.25,0.25,0.021852881965734407,0.00037677386846166083,0.37677386846166083,P4/mmm,123,4,985825,Al3Cu
Zr,91.22,186.0,1.33,6.634,0.426,112.0,11.022796663389165,16.53419499508375,0.6666666666666666,0.6666666666666666,0.01653419499508375,0.000725371125237525,0.725371125237525,Cmcm,63,6,1072655,ZrCu2
Al,26.981538,184.0,1.61,5.986,0.441,57.8,5.692485738124477,22.769942952497907,0.25,0.25,0.02276994295249791,0.00037681207462103973,0.3768120746210397,Pm-3m,221,4,1183161,Al3Cu
S,32.07,180.0,2.58,10.36,2.077,19.4,0.4534904773910251,0.9069809547820502,0.5,0.5,0.0009069809547820502,2.640546683716926e-05,0.02640546683716926,F-43m,216,2,760381,CuS
I,126.9045,198.0,2.66,10.451,3.059,32.9,0.40243244221986435,0.8048648844397287,0.5,0.5,0.0008048648844397287,1.394696130256087e-05,0.013946961302560871,R-3m,166,4,23306,CuI
Zn,65.4,139.0,1.65,9.394,,38.67,7.306317819886797,29.225271279547187,0.25,0.25,0.029225271279547188,0.0005212268905669417,0.5212268905669416,Cmmm,65,4,1215483,Zn3Cu
