Symbol,Structure,Total Sites,Cation Sites,Counter Ion Sites,Diff Energy,Diff per Total Sites,Diff per Cation Sites,Diff per Counter Ion Sites,Volume,mid,Composition
Be,Mn4 Be8,12,4.0,8.0,0.2262607132572886,0.018855059438107384,0.05656517831432215,0.028282589157161076,102.89541089427775,11270,Mn4 Be8
O,Mn7 O12,19,7.0,12.0,0.052369690341576305,0.0027562994916619107,0.0074813843345109005,0.004364140861798025,188.3746630735144,754430,Mn7 O12
Pd,Mn1 Pd1,2,1.0,1.0,0.06260366958815933,0.031301834794079664,0.06260366958815933,0.06260366958815933,30.083860504773863,1902,Mn1 Pd1
Si,Mn30 Si52,82,30.0,52.0,0.4880326585225506,0.005951617786860373,0.01626775528408502,0.009385243433125974,983.5051687524578,752,Mn30 Si52
O,Mn1 O1,2,1.0,1.0,0.01905841951314376,0.00952920975657188,0.01905841951314376,0.01905841951314376,28.674460028927943,1238899,Mn1 O1
Au,Mn9 Au31,40,9.0,31.0,0.2871850907044502,0.007179627267611255,0.031909454522716686,0.009264035184014523,673.1940005143092,30411,Mn9 Au31
Ta,Ta4 Mn8,12,8.0,8.0,0.18497136536401723,0.015414280447001437,0.023121420670502154,0.023121420670502154,167.09718096019182,12678,Ta4 Mn8
B,Mn8 B8,16,8.0,8.0,0.11050728058811773,0.006906705036757358,0.013813410073514717,0.013813410073514717,181.53992133979494,616575,Mn8 B8
F,Mn6 F18,24,6.0,18.0,0.020401581817433956,0.0008500659090597482,0.0034002636362389926,0.0011334212120796643,299.092042206228,766789,Mn6 F18
Te,Mn4 Te4,8,4.0,4.0,0.006575243859821486,0.0008219054824776858,0.0016438109649553716,0.0016438109649553716,203.35344505081284,1079443,Mn4 Te4
P,Mn2 P2,4,2.0,2.0,0.015328920534405724,0.003832230133601431,0.007664460267202862,0.007664460267202862,51.851773102697486,999516,Mn2 P2
H,Mn29 H2,31,29.0,2.0,0.5661456907558066,0.018262764217929245,0.019522265198476087,0.2830728453779033,324.8348643614986,1222194,Mn29 H2
S,Mn2 S4,6,2.0,4.0,0.0022215937698592467,0.00037026562830987444,0.0011107968849296233,0.0005553984424648117,84.69653534317291,1018804,Mn2 S4
Sb,Mn3 Sb2,5,3.0,2.0,0.07628732930594107,0.015257465861188212,0.025429109768647023,0.03814366465297053,86.73981267391426,1221705,Mn3 Sb2
Pd,Mn2 Pd2,4,2.0,2.0,0.12333572046088215,0.030833930115220537,0.061667860230441074,0.061667860230441074,60.225614553056424,238,Mn2 Pd2
O,Mn2 O4,6,2.0,4.0,0.013867900726280417,0.0023113167877134026,0.006933950363140208,0.003466975181570104,55.51718725225747,510408,Mn2 O4
Au,Mn2 Au6,8,2.0,6.0,0.06964919112205628,0.008706148890257035,0.03482459556102814,0.011608198520342713,136.62110410330985,1186010,Mn2 Au6
As,Mn4 As4,8,4.0,4.0,0.0513920732780183,0.006424009159752287,0.012848018319504575,0.012848018319504575,114.79178888528295,22240,Mn4 As4
O,Mn8 O16,24,8.0,16.0,0.05016299025445825,0.0020901245939357604,0.006270373781807281,0.0031351868909036407,245.47942811705704,1354190,Mn8 O16
Au,Mn1 Au4,5,1.0,4.0,0.03187688584462381,0.006375377168924762,0.03187688584462381,0.007969221461155952,88.71412235776897,1221711,Mn1 Au4
Er,Er4 Mn8,12,8.0,8.0,0.3536295937207098,0.02946913281005915,0.044203699215088724,0.044203699215088724,191.12918366456282,1095567,Er4 Mn8
O,Mn4 O8,12,4.0,8.0,0.02614560090527157,0.0021788000754392974,0.006536400226317893,0.0032682001131589464,134.7666025126056,19395,Mn4 O8
F,Mn4 F8,12,4.0,8.0,0.049265640525084156,0.004105470043757013,0.012316410131271039,0.0061582050656355195,146.8739872869089,615138,Mn4 F8
O,Mn32 O48,80,32.0,48.0,0.33044795794279275,0.0041305994742849095,0.010326498685712273,0.0068843324571415156,889.1007007723838,1172875,Mn32 O48
F,Mn8 F32,40,8.0,32.0,0.009805661555613215,0.0002451415388903304,0.001225707694451652,0.000306426923612913,470.44652008363835,541103,Mn8 F32
Si,Mn16 Si28,44,16.0,28.0,0.30599259367247916,0.006954377128919981,0.019124537104529948,0.010928306916874256,510.61957027405396,680339,Mn16 Si28
Ge,Mn10 Ge6,16,10.0,6.0,0.22013983134513165,0.013758739459070728,0.022013983134513165,0.03668997189085527,224.44004746946416,617291,Mn10 Ge6
Be,Mn6 Be2,8,6.0,2.0,0.12584754405267,0.01573094300658375,0.020974590675445003,0.062923772026335,80.16928081976644,974571,Mn6 Be2
C,Mn28 C12,40,28.0,12.0,0.5241712977824259,0.013104282444560647,0.018720403492229497,0.043680941481868824,355.48977225851394,21256,Mn28 C12
Ir,Mn2 Ir2,4,2.0,2.0,0.10405113165318111,0.026012782913295278,0.052025565826590556,0.052025565826590556,55.7622632918511,1537768,Mn2 Ir2
Er,Er2 Mn4,6,4.0,4.0,0.13810120148822727,0.023016866914704545,0.03452530037205682,0.03452530037205682,92.497280715474,571090,Er2 Mn4
O,Mn2 O8,10,2.0,8.0,0.037144044955060206,0.0037144044955060205,0.018572022477530103,0.004643005619382526,163.78009656666794,1221594,Mn2 O8
F,Mn4 F8,12,4.0,8.0,0.05156593957990599,0.004297161631658833,0.012891484894976497,0.006445742447488249,137.7970533256237,2012783,Mn4 F8
As,Mn6 As4,10,6.0,4.0,0.14971164042872998,0.014971164042872997,0.024951940071454997,0.037427910107182494,145.50705996577634,28916,Mn6 As4
F,Mn2 F8,10,2.0,8.0,0.018422725977920787,0.0018422725977920787,0.009211362988960393,0.0023028407472400984,151.48782711683785,1385977,Mn2 F8
O,Mn8 O12,20,8.0,12.0,0.09357225229514032,0.0046786126147570165,0.01169653153689254,0.007797687691261694,239.28969119930142,1043363,Mn8 O12
S,Mn1 S2,3,1.0,2.0,0.0008218526197321403,0.00027395087324404675,0.0008218526197321403,0.00041092630986607013,63.910474864168165,1422029,Mn1 S2
Pt,Mn6 Pt2,8,6.0,2.0,0.11332220413826563,0.014165275517283204,0.018887034023044272,0.056661102069132815,95.93204632304005,1185931,Mn6 Pt2
F,Mn2 F6,8,2.0,6.0,0.0013396452194920049,0.0001674556524365006,0.0006698226097460024,0.00022327420324866747,114.00641663224721,556560,Mn2 F6
Ga,Mn3 Ga1,4,3.0,1.0,0.07147997725289643,0.017869994313224107,0.023826659084298808,0.07147997725289643,47.77459928613463,999550,Mn3 Ga1
As,Mn6 As2,8,6.0,2.0,0.10800651723301755,0.013500814654127193,0.018001086205502923,0.05400325861650877,120.69303683944815,2668,Mn6 As2
Si,Mn40 Si16,56,40.0,16.0,0.8001320900261999,0.01428807303618214,0.020003302250654997,0.05000825562663749,649.2174044374738,608655,Mn40 Si16
O,Mn32 O48,80,32.0,48.0,0.4768574861384609,0.0059607185767307615,0.014901796441826903,0.009934530961217936,835.795225929392,510604,Mn32 O48
Ga,Mn6 Ga2,8,6.0,2.0,0.13761391500556225,0.01720173937569528,0.02293565250092704,0.06880695750278112,95.85082098552085,1078584,Mn6 Ga2
F,Mn6 F18,24,6.0,18.0,0.008455864623875237,0.0003523276926614682,0.0014093107706458728,0.0004697702568819576,277.53634515669,2011351,Mn6 F18
B,Mn3 B4,7,3.0,4.0,0.07378396965933914,0.010540567094191306,0.024594656553113048,0.018445992414834786,57.02338480560942,10118,Mn3 B4
Br,Mn4 Br8,12,4.0,8.0,0.005655645283956831,0.0004713037736630693,0.0014139113209892078,0.0007069556604946039,329.2297118408454,571084,Mn4 Br8
O,Mn12 O16,28,12.0,16.0,0.16926828240770933,0.006045295800275333,0.014105690200642444,0.010579267650481833,297.14883285574314,20141,Mn12 O16
O,Mn16 O56,72,16.0,56.0,0.011018347641799202,0.00015303260613610002,0.0006886467276124501,0.00019675620788927147,1246.6199892550596,28338,Mn16 O56
Be,Mn1 Be12,13,1.0,12.0,0.08977244420830122,0.006905572631407786,0.08977244420830122,0.007481037017358434,107.42966433298243,1104792,Mn1 Be12
P,Mn6 P24,30,6.0,24.0,0.015182266200613997,0.0005060755400204665,0.0025303777001023328,0.0006325944250255832,433.09111840049985,569522,Mn6 P24
O,Mn2 O4,6,2.0,4.0,0.019467529786166997,0.0032445882976944993,0.009733764893083498,0.004866882446541749,65.05924743853517,755671,Mn2 O4
O,Mn1 O1,2,1.0,1.0,0.004304234176907614,0.002152117088453807,0.004304234176907614,0.004304234176907614,50.12888587366657,1238773,Mn1 O1
Co,Mn6 Co2,8,6.0,2.0,0.1904707168765171,0.023808839609564637,0.03174511947941951,0.09523535843825855,103.28661199946504,1545421,Mn6 Co2
Pt,Mn1 Pt3,4,1.0,3.0,0.04768990777254864,0.01192247694313716,0.04768990777254864,0.01589663592418288,59.82070502890271,1180,Mn1 Pt3
S,Mn3 S1,4,3.0,1.0,0.06716932156728213,0.016792330391820532,0.02238977385576071,0.06716932156728213,45.82294945982847,975439,Mn3 S1
O,Mn1 O2,3,1.0,2.0,0.009771455327979595,0.0032571517759931983,0.009771455327979595,0.0048857276639897975,32.400341340861715,25424,Mn1 O2
O,Mn2 O2,4,2.0,2.0,0.02197672054137064,0.00549418013534266,0.01098836027068532,0.01098836027068532,54.159515132783966,999539,Mn2 O2
Se,Mn2 Se2,4,2.0,2.0,0.005341823477647695,0.0013354558694119237,0.0026709117388238474,0.0026709117388238474,103.85231174582884,999540,Mn2 Se2
O,Mn4 O8,12,4.0,8.0,0.03936472938798938,0.0032803941156657815,0.009841182346997344,0.004920591173498672,129.92888564564038,25275,Mn4 O8
Te,Mn1 Te1,2,1.0,1.0,0.00019303370906898105,9.651685453449053e-05,0.00019303370906898105,0.00019303370906898105,64.9216967858791,1009222,Mn1 Te1
S,Mn2 S2,4,2.0,2.0,0.026152928462439003,0.006538232115609751,0.013076464231219501,0.013076464231219501,68.93057502083215,2065,Mn2 S2
Ga,Mn12 Ga58,70,12.0,58.0,0.47713332944745507,0.00681619042067793,0.039761110787287925,0.008226436714611294,1185.9533623984983,1196402,Mn12 Ga58
F,Mn4 F10,14,4.0,10.0,0.017976210997223463,0.0012840150712302473,0.004494052749305866,0.0017976210997223464,165.98048857665805,753169,Mn4 F10
As,Mn23 As16,39,23.0,16.0,0.33706494226076306,0.008642690827199052,0.014654997489598394,0.02106655889129769,570.7183060823656,1222233,Mn23 As16
Ge,Mn6 Ge2,8,6.0,2.0,0.14672428365607101,0.018340535457008877,0.024454047276011835,0.07336214182803551,97.013354276187,1078873,Mn6 Ge2
O,Mn32 O48,80,32.0,48.0,0.31748370742715476,0.003968546342839435,0.009921365857098586,0.006614243904732391,888.4438433922353,565203,Mn32 O48
P,Mn12 P4,16,12.0,4.0,0.18808858983809837,0.011755536864881148,0.015674049153174864,0.04702214745952459,207.2722797008447,19884,Mn12 P4
Ni,Mn1 Ni1,2,1.0,1.0,0.03449411769242062,0.01724705884621031,0.03449411769242062,0.03449411769242062,24.774270632233222,11500,Mn1 Ni1
Al,Mn2 Al12,14,2.0,12.0,0.09254872697049613,0.006610623355035437,0.04627436348524806,0.00771239391420801,208.61263898141087,173,Mn2 Al12
P,Mn6 P3,9,6.0,3.0,0.08581140959140009,0.00953460106571112,0.014301901598566681,0.028603803197133362,103.57003890057682,1849,Mn6 P3
O,Mn8 O16,24,8.0,16.0,0.051740013575850854,0.0021558338989937855,0.006467501696981357,0.0032337508484906784,239.13091561438839,755489,Mn8 O16
O,Mn64 O96,160,64.0,96.0,0.4856470804426528,0.0030352942527665802,0.00758823563191645,0.005058823754610967,1888.1982463422953,778470,Mn64 O96
O,Mn21 O40,61,21.0,40.0,0.16339870490229233,0.002678667293480202,0.007780890709632968,0.004084967622557308,717.4827352209874,766493,Mn21 O40
Co,Mn1 Co1,2,1.0,1.0,0.04861830931563701,0.024309154657818504,0.04861830931563701,0.04861830931563701,23.236958854656006,1009133,Mn1 Co1
Sb,Mn1 Sb1,2,1.0,1.0,0.0093957723415206,0.0046978861707603,0.0093957723415206,0.0093957723415206,43.669969567837825,1009217,Mn1 Sb1
Sb,Mn3 Sb1,4,3.0,1.0,0.050741585891571954,0.012685396472892988,0.01691386196385732,0.050741585891571954,53.68320951735175,1185950,Mn3 Sb1
F,Mn6 F24,30,6.0,24.0,0.020103004995836282,0.0006701001665278761,0.0033505008326393804,0.0008376252081598451,375.7229283649738,705480,Mn6 F24
P,Mn8 P32,40,8.0,32.0,0.031080208721211783,0.0007770052180302945,0.003885026090151473,0.0009712565225378682,574.7513275763463,571193,Mn8 P32
O,Mn4 O8,12,4.0,8.0,0.017874037370056835,0.001489503114171403,0.004468509342514209,0.0022342546712571043,145.783991142106,1407587,Mn4 O8
O,Mn16 O24,40,16.0,24.0,0.16140748850197337,0.004035187212549334,0.010087968031373335,0.006725312020915557,450.15793537217303,771717,Mn16 O24
Sb,Mn3 Sb1,4,3.0,1.0,0.05366985750497724,0.01341746437624431,0.01788995250165908,0.05366985750497724,55.453752124754374,1636,Mn3 Sb1
O,Mn15 O32,47,15.0,32.0,0.1785251843558053,0.0037984081777830917,0.011901678957053687,0.005578912011118916,557.701549435355,776603,Mn15 O32
Si,Mn3 Si1,4,3.0,1.0,0.05239829643734572,0.01309957410933643,0.017466098812448573,0.05239829643734572,44.285526507536765,1221697,Mn3 Si1
F,Mn4 F12,16,4.0,12.0,0.008168938367368192,0.000510558647960512,0.002042234591842048,0.0006807448639473494,229.0944344656159,1176438,Mn4 F12
Te,Mn4 Te4,8,4.0,4.0,0.013863354675272208,0.001732919334409026,0.003465838668818052,0.003465838668818052,179.68886191256155,1080073,Mn4 Te4
P,Mn6 P24,30,6.0,24.0,0.007711218803995806,0.0002570406267998602,0.001285203133999301,0.00032130078349982524,448.11676657805964,769096,Mn6 P24
B,Mn1 B2,3,1.0,2.0,0.035540403207344994,0.011846801069114997,0.035540403207344994,0.017770201603672497,23.98061343487059,585,Mn1 B2
F,Mn6 F20,26,6.0,20.0,0.006162486750958492,0.0002370187211907112,0.0010270811251597487,0.00030812433754792457,407.6759477001472,753434,Mn6 F20
Au,Mn1 Au3,4,1.0,3.0,0.029560622032515388,0.007390155508128847,0.029560622032515388,0.00985354067750513,70.80432269115093,1221687,Mn1 Au3
O,Mn2 O6,8,2.0,6.0,0.0026039256836160804,0.00032549071045201005,0.0013019628418080402,0.0004339876139360134,93.06587018039319,1086672,Mn2 O6
F,Mn4 F12,16,4.0,12.0,0.005751281377790213,0.0003594550861118883,0.0014378203444475532,0.0004792734481491844,217.67150244534116,2034494,Mn4 F12
N,Mn2 N2,4,2.0,2.0,0.03662465442788405,0.009156163606971012,0.018312327213942024,0.018312327213942024,39.80737322530093,999517,Mn2 N2
U,U2 Mn4,6,4.0,4.0,0.13632118367445648,0.02272019727907608,0.03408029591861412,0.03408029591861412,85.64759610773443,567695,U2 Mn4
Au,Mn1 Au2,3,1.0,2.0,0.0368613264223306,0.012287108807443534,0.0368613264223306,0.0184306632111653,50.25612784468221,11252,Mn1 Au2
O,Mn4 O4,8,4.0,4.0,0.081407981803488,0.010175997725436,0.020351995450872,0.020351995450872,111.34584950178106,2831286,Mn4 O4
V,Mn1 V3,4,1.0,3.0,0.07638736852850964,0.01909684213212741,0.07638736852850964,0.02546245617616988,49.39402523849327,864984,Mn1 V3
Sb,Mn7 Sb4,11,7.0,4.0,0.16738554908838002,0.015216868098943638,0.023912221298340003,0.041846387272095005,186.4003228037823,1221744,Mn7 Sb4
P,Mn2 P8,10,2.0,8.0,0.006275587984716564,0.0006275587984716565,0.003137793992358282,0.0007844484980895705,144.43137350429777,487,Mn2 P8
Ge,Mn2 Ge4,6,2.0,4.0,0.036936331813244544,0.006156055302207424,0.018468165906622272,0.009234082953311136,89.84926404029297,1094140,Mn2 Ge4
Al,Mn1 Al1,2,1.0,1.0,0.04076176213153097,0.020380881065765483,0.04076176213153097,0.04076176213153097,25.61753612858791,12067,Mn1 Al1
P,Mn4 P4,8,4.0,4.0,0.0486873751619749,0.006085921895246862,0.012171843790493724,0.012171843790493724,96.1417620742358,2662,Mn4 P4
Rh,Mn1 Rh1,2,1.0,1.0,0.0662310216178315,0.03311551080891575,0.0662310216178315,0.0662310216178315,27.74904245111638,417,Mn1 Rh1
Ge,Mn10 Ge4,14,10.0,4.0,0.21816330000865297,0.015583092857760926,0.021816330000865296,0.05454082500216324,181.83123532577258,632686,Mn10 Ge4
F,Mn4 F12,16,4.0,12.0,0.017201479909073537,0.001075092494317096,0.004300369977268384,0.0014334566590894614,199.80541692865762,1176437,Mn4 F12
O,Mn12 O24,36,12.0,24.0,0.07915690422761823,0.0021988028952116176,0.0065964086856348525,0.0032982043428174262,419.8803877959636,1354468,Mn12 O24
Al,Mn3 Al1,4,3.0,1.0,0.06938107106802853,0.017345267767007132,0.023127023689342843,0.06938107106802853,46.69059771526297,973149,Mn3 Al1
F,Mn2 F6,8,2.0,6.0,0.0010321830294440122,0.00012902287868050153,0.0005160915147220061,0.00017203050490733536,117.04645170228775,764949,Mn2 F6
O,Mn12 O16,28,12.0,16.0,0.08076983591261375,0.0028846369968790623,0.006730819659384479,0.005048114744538359,412.6230583753159,1194100,Mn12 O16
F,Mn4 F8,12,4.0,8.0,0.04804028439239011,0.004003357032699176,0.012010071098097527,0.006005035549048764,153.74209755521997,556585,Mn4 F8
Ga,Mn1 Ga1,2,1.0,1.0,0.030303145828208724,0.015151572914104362,0.030303145828208724,0.030303145828208724,26.997041075057332,1001836,Mn1 Ga1
S,Mn4 S6,10,4.0,6.0,0.011869573360222957,0.0011869573360222957,0.0029673933400557392,0.001978262226703826,180.36974933313695,974355,Mn4 S6
Se,Mn1 Se1,2,1.0,1.0,0.00299200059733307,0.001496000298666535,0.00299200059733307,0.00299200059733307,51.89704651135213,2293,Mn1 Se1
F,Mn6 F18,24,6.0,18.0,0.029847671770922513,0.0012436529904551047,0.004974611961820419,0.0016582039872734728,293.37839835392884,765633,Mn6 F18
O,Mn32 O48,80,32.0,48.0,0.31294577547362856,0.003911822193420357,0.009779555483550893,0.006519703655700595,838.3258064022893,1203190,Mn32 O48
Zn,Mn1 Zn3,4,1.0,3.0,0.041145542718867126,0.010286385679716781,0.041145542718867126,0.013715180906289043,56.34622994114374,1221532,Mn1 Zn3
Nb,Mn8 Nb4,12,8.0,4.0,0.2882169281598106,0.024018077346650884,0.036027116019976324,0.07205423203995265,177.97166054525172,12659,Mn8 Nb4
Ge,Mn30 Ge12,42,30.0,12.0,0.5926213403337655,0.0141100319127087,0.019754044677792182,0.049385111694480455,527.6146904852822,704981,Mn30 Ge12
Zr,Zr4 Mn8,12,8.0,8.0,0.2597354473023234,0.02164462060852695,0.032466930912790425,0.032466930912790425,206.12553384026975,1014,Zr4 Mn8
F,Mn10 F30,40,10.0,30.0,0.014922453784533024,0.0003730613446133256,0.0014922453784533025,0.0004974151261511008,609.1185806993994,759525,Mn10 F30
N,Mn6 N8,14,6.0,8.0,0.08657597453320882,0.006183998180943487,0.014429329088868138,0.010821996816651103,139.07017326166834,1080197,Mn6 N8
Pd,Mn2 Pd6,8,2.0,6.0,0.19286945795492402,0.024108682244365503,0.09643472897746201,0.032144909659154,119.67592624461847,31138,Mn2 Pd6
O,Mn5 O8,13,5.0,8.0,0.05435644750738443,0.004181265192875725,0.010871289501476885,0.0067945559384230535,159.6832513801239,752536,Mn5 O8
O,Mn5 O8,13,5.0,8.0,0.030721557931097904,0.002363196763930608,0.006144311586219581,0.003840194741387238,135.65833623526922,18922,Mn5 O8
O,Mn6 O12,18,6.0,12.0,0.04240861355244993,0.0023560340862472185,0.007068102258741655,0.0035340511293708277,173.18380486541216,644514,Mn6 O12
Ir,Mn6 Ir2,8,6.0,2.0,0.16731812340517957,0.020914765425647446,0.02788635390086326,0.08365906170258978,109.0342992087755,2766475,Mn6 Ir2
Ru,Mn2 Ru6,8,2.0,6.0,0.15382219872699146,0.019227774840873933,0.07691109936349573,0.025637033121165245,108.28082022220855,865045,Mn2 Ru6
Al,Mn1 Al12,13,1.0,12.0,0.059734128608048026,0.004594932969849848,0.059734128608048026,0.0049778440506706685,202.95432340338135,1104165,Mn1 Al12
O,Mn4 O6,10,4.0,6.0,0.06440530149025094,0.006440530149025093,0.016101325372562734,0.010734216915041823,108.36055384663364,1303934,Mn4 O6
O,Mn16 O24,40,16.0,24.0,0.028727433984131356,0.0007181858496032839,0.0017954646240082098,0.0011969764160054731,776.6892147205225,1182678,Mn16 O24
O,Mn4 O8,12,4.0,8.0,0.02638352687603026,0.0021986272396691884,0.006595881719007565,0.0032979408595037825,119.70007702654249,19326,Mn4 O8
Ti,Ti4 Mn8,12,8.0,8.0,0.3155744840908001,0.02629787367423334,0.03944681051135001,0.03944681051135001,173.0428056453965,1949,Ti4 Mn8
O,Mn12 O16,28,12.0,16.0,0.08343431362871198,0.0029797969153111423,0.006952859469059332,0.005214644601794499,405.6374127026314,638270,Mn12 O16
Pd,Mn7 Pd9,16,7.0,9.0,0.41544942504481197,0.025965589065300748,0.059349917863544564,0.04616104722720133,216.3254332627068,1210958,Mn7 Pd9
N,Mn2 N1,3,2.0,1.0,0.05827635213299299,0.019425450710997664,0.029138176066496494,0.05827635213299299,30.40609202224073,1221793,Mn2 N1
F,Mn2 F8,10,2.0,8.0,0.0022587900881370047,0.00022587900881370049,0.0011293950440685024,0.0002823487610171256,115.16920673569953,753574,Mn2 F8
O,Mn10 O14,24,10.0,14.0,0.12212973812755923,0.0050887390886483015,0.012212973812755924,0.008723552723397088,294.9577781385848,1046066,Mn10 O14
As,Mn4 As4,8,4.0,4.0,0.02981971998563024,0.00372746499820378,0.00745492999640756,0.00745492999640756,139.13459700430872,610,Mn4 As4
Ir,Mn1 Ir1,2,1.0,1.0,0.050168294917746006,0.025084147458873003,0.050168294917746006,0.050168294917746006,25.98569048909078,2728,Mn1 Ir1
Zr,Zr8 Mn16,24,16.0,16.0,0.5198394149217987,0.021659975621741615,0.03248996343261242,0.03248996343261242,411.99440631252975,1015,Zr8 Mn16
F,Mn2 F6,8,2.0,6.0,0.0210983727285816,0.0026372965910727,0.0105491863642908,0.0035163954547636,118.23938662688558,758601,Mn2 F6
Zr,Zr3 Mn9,12,9.0,9.0,0.2576823076605099,0.021473525638375828,0.028631367517834436,0.028631367517834436,164.1242916780996,1215293,Zr3 Mn9
Be,Mn1 Be3,4,1.0,3.0,0.05641398348003993,0.014103495870009983,0.05641398348003993,0.018804661160013312,34.383434366913306,973292,Mn1 Be3
O,Mn12 O16,28,12.0,16.0,0.05410878950062055,0.0019324567678793054,0.004509065791718379,0.0033817993437887843,495.88182900383856,1180876,Mn12 O16
Er,Er4 Mn8,12,8.0,8.0,0.28631662964934057,0.023859719137445046,0.03578957870616757,0.03578957870616757,228.95154243542405,11855,Er4 Mn8
Al,Mn4 Al11,15,4.0,11.0,0.14830653158880464,0.009887102105920309,0.03707663289720116,0.013482411962618603,212.7591775562199,2856,Mn4 Al11
Pd,Mn11 Pd21,32,11.0,21.0,0.829758631606214,0.025929957237694187,0.07543260287329218,0.03951231579077209,478.95734788788315,758104,Mn11 Pd21
O,Mn4 O6,10,4.0,6.0,0.064668234083887,0.0064668234083887,0.01616705852097175,0.010778039013981167,108.72110247503156,1306224,Mn4 O6
N,Mn1 N1,2,1.0,1.0,0.016431279160098497,0.008215639580049248,0.016431279160098497,0.016431279160098497,17.705905080905254,6933,Mn1 N1
Tm,Tm6 Mn23,29,23.0,23.0,0.697134692764748,0.02403912733671545,0.030310204033249914,0.030310204033249914,421.6339556853496,1192498,Tm6 Mn23
Ti,Ti10 Mn6,16,6.0,6.0,0.4160407129825698,0.02600254456141061,0.0693401188304283,0.0693401188304283,234.14915723535077,1208237,Ti10 Mn6
F,Mn4 F10,14,4.0,10.0,0.018819614384103765,0.001344258170293126,0.004704903596025941,0.0018819614384103765,214.37851852758217,753215,Mn4 F10
Co,Mn6 Co2,8,6.0,2.0,0.12338541583055376,0.01542317697881922,0.02056423597175896,0.06169270791527688,84.71290951009743,1185970,Mn6 Co2
O,Mn12 O16,28,12.0,16.0,0.05760289932217166,0.0020572464043632738,0.004800241610180972,0.003600181207635729,459.11990023767487,1180464,Mn12 O16
Zn,Mn1 Zn13,14,1.0,13.0,0.11502968207336803,0.00821640586238343,0.11502968207336803,0.008848437082566772,201.16414568902672,1210567,Mn1 Zn13
Al,Mn10 Al16,26,10.0,16.0,0.3097037014344166,0.011911680824400639,0.030970370143441662,0.019356481339651038,352.49687929495155,1194040,Mn10 Al16
Er,Er6 Mn23,29,23.0,23.0,0.7851836946638852,0.02707529981599604,0.03413842150712544,0.03413842150712544,427.5032375807441,1193393,Er6 Mn23
O,Mn8 O17,25,8.0,17.0,0.09005431044802452,0.0036021724179209806,0.011256788806003065,0.00529731237929556,287.600990939456,1221945,Mn8 O17
Sc,Sc4 Mn8,12,8.0,8.0,0.2493456253669501,0.020778802113912507,0.031168203170868762,0.031168203170868762,203.54109631885095,2039,Sc4 Mn8
Te,Mn4 Te4,8,4.0,4.0,0.010962633481447298,0.0013703291851809123,0.0027406583703618245,0.0027406583703618245,203.8363617601526,404,Mn4 Te4
Ga,Mn1 Ga1,2,1.0,1.0,0.028698341311490513,0.014349170655745256,0.028698341311490513,0.028698341311490513,26.92467431123452,1221639,Mn1 Ga1
O,Mn1 O2,3,1.0,2.0,0.008014870804453823,0.002671623601484608,0.008014870804453823,0.004007435402226912,48.898049823196864,1272141,Mn1 O2
Se,Mn4 Se8,12,4.0,8.0,0.009451542734379398,0.0007876285611982831,0.0023628856835948495,0.0011814428417974247,241.3089287868721,21321,Mn4 Se8
V,Mn1 V1,2,1.0,1.0,0.04918390193289997,0.024591950966449984,0.04918390193289997,0.04918390193289997,23.802964466468513,1221550,Mn1 V1
Cl,Mn1 Cl2,3,1.0,2.0,0.0032553132044119935,0.0010851044014706646,0.0032553132044119935,0.0016276566022059968,71.61195204829787,28233,Mn1 Cl2
Pt,Mn2 Pt2,4,2.0,2.0,0.06699553911219559,0.016748884778048898,0.033497769556097796,0.033497769556097796,60.14094344902484,1670,Mn2 Pt2
Ir,Mn6 Ir2,8,6.0,2.0,0.16856316145722938,0.021070395182153673,0.028093860242871565,0.08428158072861469,111.20191133030951,864735,Mn6 Ir2
F,Mn2 F6,8,2.0,6.0,0.002746046680190961,0.00034325583502387014,0.0013730233400954805,0.0004576744466984935,109.41706361042931,753295,Mn2 F6
Ir,Mn2 Ir6,8,2.0,6.0,0.13464505354516104,0.01683063169314513,0.06732252677258052,0.02244084225752684,112.2047442562978,865022,Mn2 Ir6
N,Mn4 N1,5,4.0,1.0,0.08257286606119983,0.016514573212239966,0.020643216515299958,0.08257286606119983,63.28332183078382,505622,Mn4 N1
O,Mn2 O4,6,2.0,4.0,0.013751738304639799,0.002291956384106633,0.0068758691523198995,0.0034379345761599497,55.31560088323893,33009,Mn2 O4
O,Mn12 O24,36,12.0,24.0,0.06538862120568484,0.0018163505890468011,0.005449051767140403,0.0027245258835702016,429.9173958786536,1041066,Mn12 O24
Ti,Ti5 Mn7,12,7.0,7.0,0.3183276848191201,0.02652730706826001,0.04547538354558859,0.04547538354558859,175.98806787842182,1217189,Ti5 Mn7
Ti,Ti42 Mn50,92,50.0,50.0,2.2023565427322307,0.02393865807317642,0.044047130854644616,0.044047130854644616,1238.2321668866628,1202079,Ti42 Mn50
Ge,Mn4 Ge4,8,4.0,4.0,0.09261979731232402,0.011577474664040502,0.023154949328081004,0.023154949328081004,105.48878307437022,1078464,Mn4 Ge4
N,Mn8 N4,12,8.0,4.0,0.15858524147527847,0.013215436789606539,0.01982315518440981,0.03964631036881962,120.29446762790971,9981,Mn8 N4
Ga,Mn3 Ga1,4,3.0,1.0,0.06964811596839537,0.017412028992098844,0.023216038656131793,0.06964811596839537,48.937209165497016,1210627,Mn3 Ga1
Hf,Hf12 Mn12,24,12.0,12.0,0.5448884589785192,0.022703685790771633,0.04540737158154327,0.04540737158154327,413.0148176115566,1974638,Hf12 Mn12
O,Mn6 O12,18,6.0,12.0,0.03809036620161378,0.00211613145564521,0.006348394366935631,0.0031741971834678153,248.3767057400838,796336,Mn6 O12
S,Mn4 S8,12,4.0,8.0,0.004577684361925988,0.00038147369682716564,0.001144421090481497,0.0005722105452407485,223.02381335326075,1386044,Mn4 S8
Al,Mn48 Al108,156,48.0,108.0,1.6286406602021777,0.010440004232065241,0.033930013754212035,0.015080006112983126,2283.989211880234,1212295,Mn48 Al108
Zr,Zr2 Mn4,6,4.0,4.0,0.12455039025812925,0.020758398376354875,0.031137597564532313,0.031137597564532313,99.36788531344733,2027032,Zr2 Mn4
F,Mn7 F18,25,7.0,18.0,0.0025269863756290784,0.00010107945502516314,0.0003609980536612969,0.00014038813197939323,391.2542185624253,753607,Mn7 F18
Ni,Mn1 Ni1,2,1.0,1.0,0.042602942449881,0.0213014712249405,0.042602942449881,0.042602942449881,24.46797515326995,1221603,Mn1 Ni1
As,Mn8 As6,14,8.0,6.0,0.18500810859446548,0.013214864899604677,0.023126013574308185,0.030834684765744247,209.85598562461644,9305,Mn8 As6
Rh,Mn3 Rh1,4,3.0,1.0,0.10641229198593828,0.02660307299648457,0.03547076399531276,0.10641229198593828,46.873793856767456,2577,Mn3 Rh1
B,Mn4 B16,20,4.0,16.0,0.0766948201940777,0.003834741009703885,0.019173705048519424,0.004793426262129856,142.98913181169272,1106184,Mn4 B16
Sb,Mn28 Sb26,54,28.0,26.0,0.42697610712529066,0.007906964946764641,0.015249146683046095,0.016422157966357334,1060.995274161872,684805,Mn28 Sb26
Ni,Mn1 Ni3,4,1.0,3.0,0.09289255422995593,0.023223138557488983,0.09289255422995593,0.030964184743318645,44.49233801060091,11501,Mn1 Ni3
Ga,Mn4 Ga10,14,4.0,10.0,0.22113933708659972,0.015795666934757122,0.05528483427164993,0.022113933708659973,211.48028010661886,607225,Mn4 Ga10
S,Mn1 S1,2,1.0,1.0,0.019551353374648018,0.009775676687324009,0.019551353374648018,0.019551353374648018,29.763331769995265,556853,Mn1 S1
N,Mn1 N1,2,1.0,1.0,0.020535575613127674,0.010267787806563837,0.020535575613127674,0.020535575613127674,18.934332375519034,1009130,Mn1 N1
Si,Mn3 Si1,4,3.0,1.0,0.06582806878112207,0.01645701719528052,0.02194268959370736,0.06582806878112207,44.943114683321014,20211,Mn3 Si1
Tm,Tm1 Mn12,13,12.0,12.0,0.2647114192905026,0.020362416868500204,0.02205928494087522,0.02205928494087522,201.3491377553882,2751309,Tm1 Mn12
O,Mn9 O13,22,9.0,13.0,0.13519038944429998,0.006145017702013636,0.015021154382699999,0.010399260726484614,267.465977619115,1045833,Mn9 O13
P,Mn2 P4,6,2.0,4.0,0.005230843906250206,0.0008718073177083676,0.002615421953125103,0.0013077109765625514,80.64918391470745,754064,Mn2 P4
Br,Mn1 Br2,3,1.0,2.0,0.0011476732026673951,0.00038255773422246506,0.0011476732026673951,0.0005738366013336976,85.84532282559803,569843,Mn1 Br2
O,Mn1 O2,3,1.0,2.0,0.009707233265458904,0.003235744421819635,0.009707233265458904,0.004853616632729452,32.51712861074038,25223,Mn1 O2
Au,Mn1 Au1,2,1.0,1.0,0.036367440590642196,0.018183720295321098,0.036367440590642196,0.036367440590642196,33.00690617878121,12674,Mn1 Au1
Br,Mn1 Br2,3,1.0,2.0,0.001446821295384728,0.0004822737651282427,0.001446821295384728,0.000723410647692364,84.1541111857435,28306,Mn1 Br2
Pd,Mn3 Pd5,8,3.0,5.0,0.20878823410228417,0.02609852926278552,0.06959607803409472,0.04175764682045684,120.0153718001258,1078895,Mn3 Pd5
Ni,Mn1 Ni1,2,1.0,1.0,0.053894082470050224,0.026947041235025112,0.053894082470050224,0.053894082470050224,21.8183441189966,1221588,Mn1 Ni1
Lu,Lu6 Mn23,29,23.0,23.0,0.6042638651373025,0.020836685004734568,0.02627234196249141,0.02627234196249141,415.71968212168406,1193176,Lu6 Mn23
As,Mn4 As2,6,4.0,2.0,0.09062090461519509,0.015103484102532516,0.022655226153798773,0.045310452307597546,82.78680773549901,610522,Mn4 As2
Pt,Mn1 Pt1,2,1.0,1.0,0.04124093205621201,0.020620466028106004,0.04124093205621201,0.04124093205621201,26.986701762088376,1221545,Mn1 Pt1
F,Mn4 F12,16,4.0,12.0,0.011304642496876995,0.0007065401560548122,0.0028261606242192486,0.0009420535414064162,219.38213407662386,757186,Mn4 F12
B,Mn4 B4,8,4.0,4.0,0.08932997256761015,0.011166246570951268,0.022332493141902537,0.022332493141902537,66.60079467531301,8365,Mn4 B4
Ge,Mn3 Ge1,4,3.0,1.0,0.07085323316922953,0.017713308292307384,0.023617744389743178,0.07085323316922953,47.89694096772305,865027,Mn3 Ge1
Al,Mn8 Al12,20,8.0,12.0,0.36153338407921004,0.0180766692039605,0.045191673009901255,0.030127782006600837,254.05365864176244,1180309,Mn8 Al12
Si,Mn4 Si4,8,4.0,4.0,0.07611730501372939,0.009514663126716174,0.019029326253432347,0.019029326253432347,90.17124166729074,1431,Mn4 Si4
Ge,Mn12 Ge20,32,12.0,20.0,0.25577761629875806,0.00799305050933619,0.02131480135822984,0.012788880814937903,449.9697912372623,1097859,Mn12 Ge20
Te,Mn3 Te1,4,3.0,1.0,0.05652217231889754,0.014130543079724386,0.01884072410629918,0.05652217231889754,53.30965691640835,1185993,Mn3 Te1
Yb,Yb1 Mn3,4,3.0,3.0,0.10937372328135804,0.02734343082033951,0.03645790776045268,0.03645790776045268,67.91170548029433,1187582,Yb1 Mn3
P,Mn6 P3,9,6.0,3.0,0.0916956258257976,0.010188402869533066,0.0152826043042996,0.0305652086085992,112.34244078820463,2019629,Mn6 P3
S,Mn4 S8,12,4.0,8.0,0.019707687076047004,0.0016423072563372502,0.004926921769011751,0.0024634608845058754,230.00662869748098,1095335,Mn4 S8
Ge,Mn44 Ge32,76,44.0,32.0,0.9589728113417785,0.012618063307128663,0.021794836621404055,0.029967900354430577,1017.9998432499607,654223,Mn44 Ge32
Yb,Yb4 Mn8,12,8.0,8.0,0.33306264739512004,0.027755220616260002,0.041632830924390005,0.041632830924390005,224.47819464648418,1102024,Yb4 Mn8
S,Mn4 S8,12,4.0,8.0,0.018002272555282514,0.0015001893796068762,0.0045005681388206285,0.0022502840694103143,168.48508369035204,1455,Mn4 S8
F,Mn8 F28,36,8.0,28.0,0.014084955195756185,0.0003912487554376718,0.0017606193994695232,0.0005030341141341495,518.8989915622993,759987,Mn8 F28
Hf,Hf16 Mn8,24,8.0,8.0,0.4966260355660238,0.020692751481917657,0.062078254445752976,0.062078254445752976,450.23273743952825,1192157,Hf16 Mn8
P,Mn4 P16,20,4.0,16.0,0.013220023101004688,0.0006610011550502344,0.003305005775251172,0.000826251443812793,292.2604253071863,1105127,Mn4 P16
Au,Mn1 Au1,2,1.0,1.0,0.035344713308353565,0.017672356654176782,0.035344713308353565,0.035344713308353565,33.65457817432254,12675,Mn1 Au1
Se,Mn2 Se2,4,2.0,2.0,0.011604876404801526,0.0029012191012003814,0.005802438202400763,0.005802438202400763,81.55153319014968,604910,Mn2 Se2
Te,Mn4 Te8,12,4.0,8.0,0.011495557074772483,0.0009579630895643736,0.002873889268693121,0.0014369446343465604,342.9112732758347,21893,Mn4 Te8
Zn,Mn1 Zn3,4,1.0,3.0,0.057573195381423914,0.014393298845355978,0.057573195381423914,0.019191065127141305,57.868090518102946,1221570,Mn1 Zn3
Ir,Mn6 Ir2,8,6.0,2.0,0.1673220046349182,0.020915250579364775,0.027887000772486365,0.0836610023174591,112.90798056480692,2017103,Mn6 Ir2
F,Mn2 F8,10,2.0,8.0,0.005158217987905302,0.0005158217987905302,0.002579108993952651,0.0006447772484881628,118.22549495806336,759343,Mn2 F8
Ga,Mn1 Ga4,5,1.0,4.0,0.02763955150669197,0.005527910301338394,0.02763955150669197,0.006909887876672993,85.18751084049612,1069288,Mn1 Ga4
Pd,Mn4 Pd8,12,4.0,8.0,0.2894967985159168,0.024124733209659733,0.0723741996289792,0.0361870998144896,184.18149357606796,1102640,Mn4 Pd8
Ga,Mn3 Ga1,4,3.0,1.0,0.06338838468580626,0.015847096171451566,0.02112946156193542,0.06338838468580626,47.7301062735953,1221828,Mn3 Ga1
F,Mn2 F6,8,2.0,6.0,0.0022921183179420365,0.00028651478974275457,0.0011460591589710183,0.00038201971965700607,105.83543667283287,541384,Mn2 F6
F,Mn6 F16,22,6.0,16.0,0.01873675244019332,0.0008516705654633329,0.0031227920733655538,0.0011710470275120826,336.02493481824837,752616,Mn6 F16
N,Mn12 N16,28,12.0,16.0,0.09278227237271969,0.003313652584739989,0.007731856031059974,0.0057988920232949805,264.11267775310364,1080204,Mn12 N16
Hf,Hf4 Mn8,12,8.0,8.0,0.19917454112395422,0.016597878426996185,0.024896817640494277,0.024896817640494277,170.20283111502954,11449,Hf4 Mn8
S,Mn2 S4,6,2.0,4.0,0.03265793286621308,0.005442988811035513,0.01632896643310654,0.00816448321655327,140.96691967171327,1397283,Mn2 S4
As,Mn12 As8,20,12.0,8.0,0.17753296079254915,0.008876648039627458,0.014794413399379097,0.022191620099068644,288.0454772087148,568856,Mn12 As8
O,Mn15 O32,47,15.0,32.0,0.17145886464740598,0.003648060949944808,0.011430590976493732,0.005358089520231437,560.0031996690071,867971,Mn15 O32
Ge,Mn4 Ge2,6,4.0,2.0,0.08757123190845843,0.014595205318076405,0.021892807977114608,0.043785615954229216,77.51514355819658,20473,Mn4 Ge2
Dy,Dy1 Mn12,13,12.0,12.0,0.2672082471553603,0.02055448055041233,0.02226735392961336,0.02226735392961336,205.56520967186756,20656,Dy1 Mn12
O,Mn4 O4,8,4.0,4.0,0.0883640020234454,0.011045500252930674,0.02209100050586135,0.02209100050586135,85.90561011081735,1232659,Mn4 O4
Ga,Mn2 Ga12,14,2.0,12.0,0.10017432572734378,0.007155308980524556,0.05008716286367189,0.008347860477278648,222.22361565860996,1104563,Mn2 Ga12
O,Mn4 O8,12,4.0,8.0,0.03616640209539372,0.00301386684128281,0.00904160052384843,0.004520800261924215,144.3105984496797,1271850,Mn4 O8
O,Mn2 O4,6,2.0,4.0,0.02279872433449101,0.003799787389081835,0.011399362167245505,0.005699681083622753,68.82977558488616,510732,Mn2 O4
O,Mn32 O48,80,32.0,48.0,0.3106504413250494,0.003883130516563117,0.009707826291407793,0.006471884194271862,841.8216215010334,1204718,Mn32 O48
Sb,Mn4 Sb2,6,4.0,2.0,0.10406872354760106,0.017344787257933512,0.026017180886900266,0.05203436177380053,110.7227383251247,20664,Mn4 Sb2
F,Mn4 F14,18,4.0,14.0,0.007741237125441874,0.0004300687291912152,0.0019353092813604684,0.0005529455089601338,253.2807939803412,753435,Mn4 F14
P,Mn4 P16,20,4.0,16.0,0.004172075980440781,0.00020860379902203907,0.0010430189951101954,0.00026075474877754884,300.7589405479396,755453,Mn4 P16
Te,Mn6 Te2,8,6.0,2.0,0.097010233691491,0.012126279211436376,0.01616837228191517,0.0485051168457455,111.77079245037977,1185988,Mn6 Te2
Si,Mn44 Si76,120,44.0,76.0,0.7203060164483219,0.0060025501370693495,0.016370591282916406,0.009477710742741077,1438.8417035150683,567968,Mn44 Si76
Hf,Hf12 Mn12,24,12.0,12.0,0.574235333851452,0.0239264722438105,0.047852944487621,0.047852944487621,393.0054790039795,1191460,Hf12 Mn12
Se,Mn1 Se1,2,1.0,1.0,0.0002478726548654081,0.00012393632743270405,0.0002478726548654081,0.0002478726548654081,40.885047238293076,972,Mn1 Se1
Pd,Mn1 Pd3,4,1.0,3.0,0.09395612601105498,0.023489031502763744,0.09395612601105498,0.03131870867035166,61.5486048873461,1221576,Mn1 Pd3
O,Mn12 O16,28,12.0,16.0,0.08096816200961779,0.002891720071772064,0.0067473468341348155,0.005060510125601112,403.9258955157591,1193728,Mn12 O16
Dy,Dy6 Mn23,29,23.0,23.0,0.7919662568583129,0.027309181270976306,0.03443331551557882,0.03443331551557882,431.2563073934981,1192635,Dy6 Mn23
Pd,Mn2 Pd6,8,2.0,6.0,0.19422996438577786,0.024278745548222232,0.09711498219288893,0.032371660730962974,119.63731755020314,1186013,Mn2 Pd6
O,Mn20 O43,63,20.0,43.0,0.21950982888913634,0.003484282998240259,0.010975491444456817,0.005104879741607822,726.3688103431087,1222372,Mn20 O43
Ga,Mn13 Ga13,26,13.0,13.0,0.3847177080212004,0.014796834923892324,0.029593669847784648,0.029593669847784648,362.89557264350805,636105,Mn13 Ga13
Si,Mn10 Si6,16,10.0,6.0,0.2172571200793977,0.013578570004962357,0.02172571200793977,0.03620952001323295,202.23712308697762,1111,Mn10 Si6
B,Mn4 B2,6,4.0,2.0,0.08156814931252782,0.01359469155208797,0.020392037328131954,0.04078407465626391,52.779654687690645,20318,Mn4 B2
B,Mn1 B4,5,1.0,4.0,0.018620391714875846,0.003724078342975169,0.018620391714875846,0.0046550979287189615,36.36345750707162,1010,Mn1 B4
Au,Mn1 Au4,5,1.0,4.0,0.031029319450869453,0.00620586389017389,0.031029319450869453,0.007757329862717363,85.34137787260393,12565,Mn1 Au4
O,Mn1 O2,3,1.0,2.0,0.0072876220079243735,0.002429207335974791,0.0072876220079243735,0.0036438110039621868,31.61432818711691,1221542,Mn1 O2
Sb,Mn27 Sb26,53,27.0,26.0,0.5087544913835572,0.00959914134685957,0.018842758940131748,0.019567480437829125,1059.4981523610322,684881,Mn27 Sb26
I,Mn1 I2,3,1.0,2.0,0.00251672164535725,0.0008389072151190833,0.00251672164535725,0.001258360822678625,107.54303403645363,28013,Mn1 I2
C,Mn12 C4,16,12.0,4.0,0.2833942274381,0.01771213921488125,0.023616185619841665,0.070848556859525,146.92153425911712,1188188,Mn12 C4
Ir,Mn1 Ir1,2,1.0,1.0,0.03673198986436335,0.018365994932181676,0.03673198986436335,0.03673198986436335,25.76971955739671,1221583,Mn1 Ir1
F,Mn4 F14,18,4.0,14.0,0.009130689110702625,0.0005072605061501458,0.0022826722776756563,0.0006521920793359018,242.9879392822606,757058,Mn4 F14
Se,Mn2 Se2,4,2.0,2.0,0.0012475056154193365,0.0003118764038548341,0.0006237528077096682,0.0006237528077096682,77.03943546368062,10204,Mn2 Se2
Ge,Mn3 Ge1,4,3.0,1.0,0.061597627597626645,0.015399406899406661,0.020532542532542216,0.061597627597626645,48.68702089020532,20139,Mn3 Ge1
Au,Mn2 Au5,7,2.0,5.0,0.05906172460678821,0.008437389229541173,0.029530862303394106,0.011812344921357642,118.06767284697415,30410,Mn2 Au5
Hf,Hf8 Mn16,24,16.0,16.0,0.39890577064236543,0.016621073776765225,0.02493161066514784,0.02493161066514784,341.94876453201726,1190880,Hf8 Mn16
Sb,Mn6 Sb2,8,6.0,2.0,0.148311301969498,0.01853891274618725,0.024718550328249666,0.074155650984749,110.29212466758445,1185930,Mn6 Sb2
Al,Mn24 Al114,138,24.0,114.0,1.1057039855804085,0.008012347721597163,0.04607099939918369,0.009699157768249197,2054.5226601019776,30526,Mn24 Al114
O,Mn4 O10,14,4.0,10.0,0.006882880627408723,0.0004916343305291945,0.0017207201568521808,0.0006882880627408723,189.94186028482588,1104282,Mn4 O10
Si,Mn40 Si16,56,40.0,16.0,0.8005462524163458,0.014295468793149033,0.020013656310408644,0.05003414077602161,653.1563654246067,1378817,Mn40 Si16
N,Mn3 N2,5,3.0,2.0,0.051163026842927714,0.010232605368585543,0.017054342280975906,0.025581513421463857,47.44204267165186,1001117,Mn3 N2
Zr,Zr2 Mn4,6,4.0,4.0,0.128623379327066,0.02143722988784433,0.0321558448317665,0.0321558448317665,86.3522365998377,2116,Zr2 Mn4
Ho,Ho1 Mn12,13,12.0,12.0,0.26617386377248825,0.020474912597883713,0.02218115531437402,0.02218115531437402,204.34026290221445,14015,Ho1 Mn12
Ni,Mn1 Ni1,2,1.0,1.0,0.03469285539633791,0.017346427698168954,0.03469285539633791,0.03469285539633791,24.7334489422941,1797,Mn1 Ni1
Te,Mn4 Te4,8,4.0,4.0,0.02013466144439416,0.00251683268054927,0.00503366536109854,0.00503366536109854,205.11197763012154,672389,Mn4 Te4
O,Mn4 O8,12,4.0,8.0,0.04645410640351797,0.0038711755336264977,0.011613526600879493,0.005806763300439746,131.08601235006907,1371977,Mn4 O8
Tm,Tm1 Mn12,13,12.0,12.0,0.26847781689592054,0.020652139761224656,0.02237315140799338,0.02237315140799338,159.14756063305177,980811,Tm1 Mn12
C,Mn23 C6,29,23.0,6.0,0.35555085027314787,0.012260374147349927,0.015458732620571647,0.059258475045524645,289.0920934986933,542830,Mn23 C6
F,Mn4 F12,16,4.0,12.0,0.012547595263394974,0.0007842247039621859,0.0031368988158487435,0.0010456329386162478,213.08239459876563,1176433,Mn4 F12
Te,Mn1 Te1,2,1.0,1.0,0.002393734723434616,0.001196867361717308,0.002393734723434616,0.002393734723434616,50.833327884089165,1406,Mn1 Te1
N,Mn2 N2,4,2.0,2.0,0.022126017138952007,0.005531504284738002,0.011063008569476004,0.011063008569476004,39.31419669084456,1420147,Mn2 N2
O,Mn6 O8,14,6.0,8.0,0.043630717847408323,0.0031164798462434517,0.007271786307901387,0.0054538397309260404,155.51442358903404,18759,Mn6 O8
Pt,Mn1 Pt2,3,1.0,2.0,0.02976184788825699,0.00992061596275233,0.02976184788825699,0.014880923944128495,46.222946773450644,1221567,Mn1 Pt2
Au,Mn1 Au3,4,1.0,3.0,0.03494142646087092,0.00873535661521773,0.03494142646087092,0.01164714215362364,67.98320310176936,1206376,Mn1 Au3
Al,Mn6 Al20,26,6.0,20.0,0.2395345022657056,0.009212865471757908,0.039922417044284265,0.011976725113285281,381.2060787067089,16511,Mn6 Al20
Sb,Mn5 Sb4,9,5.0,4.0,0.06526335225095921,0.007251483583439912,0.013052670450191841,0.016315838062739802,173.52737479978654,1221363,Mn5 Sb4
O,Mn6 O12,18,6.0,12.0,0.038143428470066125,0.0021190793594481182,0.006357238078344354,0.003178619039172177,248.41649035592462,796340,Mn6 O12
F,Mn8 F28,36,8.0,28.0,0.031712878213035284,0.0008809132836954246,0.0039641097766294105,0.0011326027933226887,458.2306256314264,760309,Mn8 F28
U,U2 Mn4,6,4.0,4.0,0.17521701823198094,0.02920283637199682,0.043804254557995234,0.043804254557995234,97.64346605895616,339,U2 Mn4
S,Mn1 S1,2,1.0,1.0,0.003762068248934925,0.0018810341244674626,0.003762068248934925,0.003762068248934925,30.265403682129044,1783,Mn1 S1
S,Mn2 S2,4,2.0,2.0,0.012058106826391045,0.003014526706597761,0.006029053413195522,0.006029053413195522,85.85656968526325,2562,Mn2 S2
O,Mn2 O2,4,2.0,2.0,0.043634773573464,0.010908693393366,0.021817386786732,0.021817386786732,43.99570226712721,19006,Mn2 O2
V,Mn1 V1,2,1.0,1.0,0.05072447650259301,0.025362238251296507,0.05072447650259301,0.05072447650259301,23.289978270600127,316,Mn1 V1
Zn,Mn1 Zn3,4,1.0,3.0,0.04716284347375216,0.01179071086843804,0.04716284347375216,0.015720947824584053,55.25777984921383,11504,Mn1 Zn3
F,Mn3 F12,15,3.0,12.0,0.008049472602056948,0.0005366315068037965,0.0026831575340189825,0.0006707893835047456,176.2101903352351,1221693,Mn3 F12
Au,Mn2 Au1,3,2.0,1.0,0.051989268613646056,0.017329756204548685,0.025994634306823028,0.051989268613646056,46.49690183449675,30409,Mn2 Au1
F,Mn2 F4,6,2.0,4.0,0.024243847946206022,0.00404064132436767,0.012121923973103011,0.0060609619865515055,78.6116961747604,560902,Mn2 F4
O,Mn24 O48,72,24.0,48.0,0.15285199900659543,0.002122944430647159,0.006368833291941476,0.003184416645970738,848.2561742949578,705430,Mn24 O48
F,Mn7 F16,23,7.0,16.0,0.07115723772927751,0.0030937929447511963,0.010165319675611073,0.0044473273580798445,308.88611528867216,867575,Mn7 F16
C,Mn10 C4,14,10.0,4.0,0.20219803131215014,0.014442716522296438,0.020219803131215013,0.050549507828037535,128.87673822158817,22749,Mn10 C4
O,Mn4 O6,10,4.0,6.0,0.03560339457663855,0.003560339457663855,0.008900848644159638,0.005933899096106425,107.675452243346,770543,Mn4 O6
Ga,Mn16 Ga10,26,16.0,10.0,0.41122792175561607,0.015816458529062157,0.025701745109726004,0.041122792175561605,353.566821781493,1194466,Mn16 Ga10
Al,Mn2 Al2,4,2.0,2.0,0.059803572651039145,0.014950893162759786,0.029901786325519573,0.029901786325519573,53.64082528951334,771,Mn2 Al2
O,Mn12 O16,28,12.0,16.0,0.16838451200992247,0.006013732571782946,0.01403204266749354,0.010524032000620154,298.81810501346064,1279995,Mn12 O16
B,Mn8 B2,10,8.0,2.0,0.15998191650996202,0.015998191650996203,0.019997739563745252,0.07999095825498101,99.43076968088633,1221769,Mn8 B2
Zn,Mn2 Zn6,8,2.0,6.0,0.09348545471470218,0.011685681839337773,0.04674272735735109,0.015580909119117031,112.8427182229054,975079,Mn2 Zn6
B,Mn2 B8,10,2.0,8.0,0.038271980515605965,0.0038271980515605965,0.019135990257802982,0.004783997564450746,71.93098569790034,1078253,Mn2 B8
Sb,Mn2 Sb2,4,2.0,2.0,0.021777263975673138,0.005444315993918284,0.010888631987836569,0.010888631987836569,86.4790936661201,786,Mn2 Sb2
Si,Mn16 Si28,44,16.0,28.0,0.30704496569430617,0.006978294674870595,0.019190310355894136,0.010965891631939506,505.38074831307233,568121,Mn16 Si28
Si,Mn40 Si16,56,40.0,16.0,0.7850253702182308,0.014018310182468408,0.01962563425545577,0.049064085638639426,666.4911460404828,1198479,Mn40 Si16
N,Mn3 N2,5,3.0,2.0,0.09653726413085807,0.019307452826171613,0.03217908804361936,0.048268632065429036,49.3746353033446,12857,Mn3 N2
O,Mn16 O32,48,16.0,32.0,0.07128536130676943,0.0014851116938910298,0.00445533508167309,0.002227667540836545,562.250306029873,1350912,Mn16 O32
O,Mn21 O40,61,21.0,40.0,0.15396985976001565,0.002524096061639601,0.007331898083810269,0.003849246494000391,720.1760564919923,849596,Mn21 O40
