Symbol,AtomicMass,AtomicRadius,Electronegativity,IonizationEnergy,ElectronAffinity,Polarizability,results_per_total,results_per_li,LiSites,CounterIonSites,results_per_counter_ion,res_per_volm_per_site,Result,SpaceGroup,SpaceGroupNumber,Total Sites,Reduced Formula
Ga,69.723,187.0,1.81,5.999,0.3,50.0,11.70988051302729,46.83952205210916,0.25,0.75,0.015613174017369719,0.0007267348179323822,0.7267348179323823,I4/mmm,139,4,LiGa3
Cu,63.55,140.0,1.9,7.726,1.228,46.5,14.243750556491062,56.975002225964246,0.25,0.75,0.01899166740865475,0.0012308993271740317,1.2308993271740316,P6_3/mmc,194,8,LiCu3
Ag,107.868,172.0,1.93,7.576,1.302,55.0,11.54225672963605,23.0845134592721,0.5,0.5,0.0230845134592721,0.0007580766311038328,0.7580766311038328,Pm-3m,221,2,LiAg
Pd,106.42,202.0,2.2,8.337,0.557,26.14,15.709607453831198,20.946143271774933,0.75,0.25,0.0628384298153248,0.0010910822328285396,1.0910822328285397,Fm-3m,225,4,Li3Pd
In,114.818,193.0,1.78,5.786,0.3,65.0,17.2909205719537,23.05456076260493,0.75,0.25,0.06916368228781479,0.0009445892058545471,0.9445892058545471,I4/mmm,139,4,Li3In
Pr,140.90766,239.0,1.13,5.464,,216.0,33.31936227213405,133.2774490885362,0.25,0.75,0.0444258163628454,0.0010229232327241856,1.0229232327241857,Pm-3m,221,4,LiPr3
Mg,24.305,173.0,1.31,7.646,,71.2,15.07475496017544,30.14950992035088,0.5,0.5,0.03014950992035088,0.0007451371512682841,0.7451371512682842,Cm,8,6,LiMg
Ce,140.116,235.0,1.12,5.539,0.5,205.0,5.485629973580113,21.94251989432045,0.25,0.75,0.007314173298106817,0.00020631798151561048,0.20631798151561048,Pm-3m,221,4,LiCe3
Sb,121.76,206.0,2.05,8.64,1.07,43.0,12.270265854081716,16.814808763000872,0.7297297297297297,0.2702702702702703,0.04539998366010235,0.0006583941268930843,0.6583941268930843,P-1,2,37,Li27Sb10
Cd,112.41,158.0,1.69,8.994,,46.0,12.951799447437581,19.427699171156373,0.6666666666666666,0.3333333333333333,0.03885539834231275,0.0006049898257684887,0.6049898257684887,Fd-3m,227,12,Li2Cd
Al,26.981538,184.0,1.61,5.986,0.441,57.8,14.56987339850881,24.283122330848016,0.6,0.4,0.03642468349627202,0.0009091570601375479,0.9091570601375479,R-3m,166,5,Li3Al2
P,30.973762,180.0,2.19,10.487,0.746,25.0,11.995885978621939,15.994514638162583,0.75,0.25,0.04798354391448775,0.0008247810010583106,0.8247810010583105,P6_3/mmc,194,8,Li3P
Na,22.9897693,227.0,0.93,5.139,0.548,162.7,18.374774730027873,24.499699640037164,0.75,0.25,0.0734990989201115,0.0007371006889577973,0.7371006889577972,I4/mmm,139,4,NaLi3
Al,26.981538,184.0,1.61,5.986,0.441,57.8,15.3812604129275,23.07189061939125,0.6666666666666666,0.3333333333333333,0.0461437812387825,0.0008244365305839865,0.8244365305839865,Fd-3m,227,12,Li2Al
S,32.07,180.0,2.58,10.36,2.077,19.4,10.985183275117135,16.477774912675702,0.6666666666666666,0.3333333333333333,0.032955549825351406,0.0007230398644367353,0.7230398644367353,Fm-3m,225,3,Li2S
Mg,24.305,173.0,1.31,7.646,,71.2,14.8639864544855,59.455945817942,0.25,0.75,0.019818648605980666,0.0006865049737942949,0.6865049737942949,Imm2,44,4,LiMg3
Tc,96.90636,209.0,1.9,7.28,0.55,79.0,1.7260922421710752,2.301456322894767,0.75,0.25,0.0069043689686843004,0.00011812873508081924,0.11812873508081924,I4/mmm,139,4,Li3Tc
Ca,40.08,231.0,1.0,6.113,,160.8,18.622928001813325,24.830570669084434,0.75,0.25,0.0744917120072533,0.0006999594172306051,0.6999594172306051,I4/mmm,139,4,Li3Ca
In,114.818,193.0,1.78,5.786,0.3,65.0,10.1119897892167,40.4479591568668,0.25,0.75,0.013482653052288934,0.00044599591302683684,0.44599591302683683,Pm-3m,221,4,LiIn3
Si,28.085,210.0,1.9,8.152,1.385,37.3,10.83735978385018,13.933748293521662,0.7777777777777778,0.2222222222222222,0.048768119027325814,0.0007358526136679376,0.7358526136679376,Pbam,55,36,Li7Si2
Rb,85.468,303.0,0.82,4.177,0.468,319.8,1.8549936324729248,7.419974529891699,0.25,0.75,0.002473324843297233,2.663491922444382e-05,0.026634919224443818,I4/mmm,139,4,Rb3Li
K,39.0983,275.0,0.82,4.341,0.501,289.7,2.116585127673875,8.4663405106955,0.25,0.75,0.002822113503565167,3.646323726877234e-05,0.03646323726877234,I4/mmm,139,4,K3Li
Pb,207.0,202.0,2.33,7.417,0.36,57.0,11.863857096235536,15.4230142251062,0.7692307692307693,0.23076923076923078,0.05141004741702066,0.0005969922535261272,0.5969922535261273,P-43m,215,52,Li10Pb3
C,12.011,170.0,2.55,11.26,1.263,11.3,11.156314153430252,14.875085537907001,0.75,0.25,0.04462525661372101,0.0012127355117863042,1.2127355117863043,Fm-3m,225,4,Li3C
Rb,85.468,303.0,0.82,4.177,0.468,319.8,2.053649513167125,8.2145980526685,0.25,0.75,0.0027381993508895,3.0075181465459446e-05,0.030075181465459445,Fm-3m,225,4,Rb3Li
C,12.011,170.0,2.55,11.26,1.263,11.3,0.679204262007596,8.829655406098746,0.07692307692307693,0.9230769230769231,0.0007358046171748956,7.797928092966201e-05,0.07797928092966201,Cmcm,63,26,LiC12
Sn,118.71,217.0,1.96,7.344,1.2,53.0,1.0165615830229,1.4231862162320599,0.7142857142857143,0.2857142857142857,0.00355796554058015,5.662377233850437e-05,0.05662377233850437,R-3m,166,7,Li5Sn2
Lu,174.9667,221.0,1.27,5.426,,137.0,13.1723787164511,52.6895148658044,0.25,0.75,0.0175631716219348,0.00048050500861941973,0.48050500861941975,P6_3/mmc,194,8,LiLu3
Ca,40.08,231.0,1.0,6.113,,160.8,19.033566299820535,28.550349449730803,0.6666666666666666,0.3333333333333333,0.05710069889946161,0.0006725782893452156,0.6725782893452156,Fd-3m,227,6,Li2Ca
Mg,24.305,173.0,1.31,7.646,,71.2,16.588233775555956,33.17646755111191,0.5,0.5,0.033176467551111914,0.0007937417117135163,0.7937417117135163,Amm2,38,6,LiMg
Fe,55.84,194.0,1.83,7.902,0.163,62.0,3.1697810645356252,6.3395621290712505,0.5,0.5,0.00633956212907125,0.0002584538175080094,0.2584538175080094,Cmcm,63,4,LiFe
Rh,102.9055,195.0,2.28,7.459,1.137,66.0,0.86890048942425,1.158533985899,0.75,0.25,0.003475601957697,6.557445228100951e-05,0.06557445228100951,Fm-3m,225,4,Li3Rh
Tl,204.383,196.0,1.62,6.108,0.2,66.0,10.554878878467424,42.219515513869695,0.25,0.75,0.014073171837956566,0.00040399601885470144,0.40399601885470143,I4/mmm,139,4,LiTl3
Yb,173.05,242.0,,6.254,,139.0,22.48400575470657,89.93602301882628,0.25,0.75,0.029978674339608758,0.0008353288026135472,0.8353288026135472,Fm-3m,225,4,LiYb3
Au,196.96657,166.0,2.54,9.226,2.309,36.06,6.373689466832607,25.494757867330428,0.25,0.75,0.008498252622443477,0.00038932774432563414,0.38932774432563416,P6_3/mmc,194,8,LiAu3
Sr,87.62,249.0,0.95,5.695,,197.2,16.745278719015023,41.86319679753756,0.4,0.6,0.02790879786502504,0.0003970176506869426,0.39701765068694256,P4_2/mnm,136,20,Sr3Li2
B,10.81,192.0,2.04,8.298,0.277,20.5,1.4141310225483004,2.8282620450966007,0.5,0.5,0.0028282620450966007,0.00013123804570027879,0.13123804570027878,P6_3/mmc,194,4,LiB
Nb,92.90637,207.0,1.6,6.759,0.893,98.0,17.735980232183675,23.647973642911563,0.75,0.25,0.0709439209287347,0.0010067226530968787,1.0067226530968787,I4/mmm,139,4,Li3Nb
Hg,200.59,209.0,2.0,10.438,,33.0,6.840046432642399,13.680092865284799,0.5,0.5,0.013680092865284798,0.0003802082010705476,0.38020820107054765,Pm-3m,221,2,LiHg
Ge,72.63,211.0,2.01,7.9,1.35,40.0,1.0342825138736185,1.6376139802998957,0.631578947368421,0.3684210526315789,0.0028073382519426785,6.0512571983221284e-05,0.06051257198322128,Pnma,62,152,Li12Ge7
Hf,178.49,212.0,1.3,6.825,,103.0,14.16389189832885,28.3277837966577,0.5,0.5,0.0283277837966577,0.0006836186489345509,0.6836186489345509,P-6m2,187,2,LiHf
Si,28.085,210.0,1.9,8.152,1.385,37.3,0.8369527861343423,1.3251752447127088,0.631578947368421,0.3684210526315789,0.002271728990936072,5.3094990095240654e-05,0.05309499009524066,Pnma,62,152,Li12Si7
Mg,24.305,173.0,1.31,7.646,,71.2,15.972585708462967,23.958878562694448,0.6666666666666666,0.3333333333333333,0.0479177571253889,0.0007737303251916095,0.7737303251916094,Amm2,38,6,Li2Mg
Si,28.085,210.0,1.9,8.152,1.385,37.3,13.518212707945601,16.59053377793324,0.8148148148148148,0.18518518518518517,0.07299834862290625,0.0009009962576779852,0.9009962576779852,F-43m,216,108,Li22Si5
Zr,91.22,186.0,1.33,6.634,0.426,112.0,23.274230429979102,31.032307239972134,0.75,0.25,0.0930969217199164,0.0012427594995679274,1.2427594995679274,Fm-3m,225,4,Li3Zr
Tl,204.383,196.0,1.62,6.108,0.2,66.0,13.250020619529563,26.500041239059126,0.5,0.5,0.026500041239059125,0.0005867111777670467,0.5867111777670467,Cmce,64,24,LiTl
Zn,65.4,139.0,1.65,9.394,,38.67,11.847708444335318,47.39083377734127,0.25,0.75,0.015796944592447088,0.0008599909931041723,0.8599909931041723,P6_3/mmc,194,8,LiZn3
Mg,24.305,173.0,1.31,7.646,,71.2,17.182997131463896,34.36599426292779,0.5,0.5,0.034365994262927795,0.0008089495593527128,0.8089495593527128,P3m1,156,6,LiMg
Al,26.981538,184.0,1.61,5.986,0.441,57.8,13.504645385935584,27.009290771871168,0.5,0.5,0.02700929077187117,0.0006990695637000439,0.6990695637000439,Cmce,64,24,LiAl
Hg,200.59,209.0,2.0,10.438,,33.0,12.993035441716799,17.324047255622396,0.75,0.25,0.051972141766867194,0.0007620379732940314,0.7620379732940314,I4/mmm,139,4,Li3Hg
Fe,55.84,194.0,1.83,7.902,0.163,62.0,2.5248728686606254,3.366497158214167,0.75,0.25,0.010099491474642501,0.00016460806484591616,0.16460806484591617,P6_3/mmc,194,8,Li3Fe
Mg,24.305,173.0,1.31,7.646,,71.2,16.420485093890598,32.840970187781195,0.5,0.5,0.0328409701877812,0.0007836791186763564,0.7836791186763564,C2/m,12,4,LiMg
Mg,24.305,173.0,1.31,7.646,,71.2,17.195114853695497,25.792672280543247,0.6666666666666666,0.3333333333333333,0.051585344561086495,0.0008614505344781485,0.8614505344781486,Cmcm,63,6,Li2Mg
Mg,24.305,173.0,1.31,7.646,,71.2,3.4637755539771007,6.927551107954201,0.5,0.5,0.006927551107954202,0.00017389345868231424,0.17389345868231423,Pm-3m,221,2,LiMg
Pt,195.08,209.0,2.28,9.0,2.128,48.0,11.026604177195019,16.539906265792528,0.6666666666666666,0.3333333333333333,0.033079812531585054,0.0008304126456701344,0.8304126456701344,P6/mmm,191,3,Li2Pt
S,32.07,180.0,2.58,10.36,2.077,19.4,5.581935254870469,11.163870509740939,0.5,0.5,0.011163870509740938,0.00027991547299096117,0.27991547299096114,I-42m,121,8,LiS
Tl,204.383,196.0,1.62,6.108,0.2,66.0,16.036368403658436,24.054552605487654,0.6666666666666666,0.3333333333333333,0.048109105210975306,0.0008522431001638194,0.8522431001638194,Cmcm,63,6,Li2Tl
Cd,112.41,158.0,1.69,8.994,,46.0,15.09938825519645,20.13251767359527,0.75,0.25,0.0603975530207858,0.0008331205077996447,0.8331205077996446,I4/mmm,139,4,Li3Cd
Mg,24.305,173.0,1.31,7.646,,71.2,16.52986300654284,49.58958901962853,0.3333333333333333,0.6666666666666666,0.024794794509814262,0.0007754838408738023,0.7754838408738023,Cmcm,63,6,LiMg2
Ca,40.08,231.0,1.0,6.113,,160.8,17.359199604987033,69.43679841994813,0.25,0.75,0.023145599473316045,0.0004621031721479674,0.46210317214796737,I4/mmm,139,4,LiCa3
In,114.818,193.0,1.78,5.786,0.3,65.0,14.69818115328804,24.4969685888134,0.6,0.4,0.0367454528832201,0.0007797100965468508,0.7797100965468508,R-3m,166,5,Li3In2
Tm,168.93422,227.0,1.25,6.184,,144.0,18.221397312764,72.885589251056,0.25,0.75,0.02429519641701867,0.0006476965891534458,0.6476965891534457,P6_3/mmc,194,8,LiTm3
In,114.818,193.0,1.78,5.786,0.3,65.0,8.713297291850145,26.139891875550436,0.3333333333333333,0.6666666666666666,0.013069945937775218,0.0003618859829531078,0.3618859829531078,Fd-3m,227,12,LiIn2
Cu,63.55,140.0,1.9,7.726,1.228,46.5,13.982063827059013,55.928255308236054,0.25,0.75,0.018642751769412016,0.0012025771904089018,1.2025771904089018,Fm-3m,225,4,LiCu3
O,15.999,152.0,3.44,13.618,1.461,5.3,1.075606130583733,3.226818391751199,0.3333333333333333,0.6666666666666666,0.0016134091958755997,0.00011167446961003927,0.11167446961003927,R-3m,166,3,LiO2
Sn,118.71,217.0,1.96,7.344,1.2,53.0,0.8687498540594996,1.1583331387459994,0.75,0.25,0.0034749994162379984,4.9606180930965454e-05,0.04960618093096545,Fm-3m,225,4,Li3Sn
Ag,107.868,172.0,1.93,7.576,1.302,55.0,14.354437868742632,20.734188032628246,0.6923076923076923,0.3076923076923077,0.04665192307341356,0.0008287578109069478,0.8287578109069478,Fmm2,42,26,Li9Ag4
Au,196.96657,166.0,2.54,9.226,2.309,36.06,12.24556525197096,16.327420335961282,0.75,0.25,0.048982261007883846,0.0008167730673651279,0.8167730673651279,Fm-3m,225,4,Li3Au
Mg,24.305,173.0,1.31,7.646,,71.2,14.794002437433077,29.588004874866154,0.5,0.5,0.029588004874866153,0.0007169500198333632,0.7169500198333632,Pmma,51,4,LiMg
Zn,65.4,139.0,1.65,9.394,,38.67,12.694540626966113,50.77816250786445,0.25,0.75,0.016926054169288152,0.0009299650086731832,0.9299650086731832,Fm-3m,225,4,LiZn3
Hg,200.59,209.0,2.0,10.438,,33.0,5.2330838678355995,20.932335471342398,0.25,0.75,0.006977445157114133,0.0002412138000830266,0.2412138000830266,Pm-3m,221,4,LiHg3
Hf,178.49,212.0,1.3,6.825,,103.0,0.8416552347941367,1.1572759478419379,0.7272727272727273,0.2727272727272727,0.0030860691942451676,3.106985355374382e-05,0.031069853553743823,Im-3m,229,22,Li8Hf3
Ag,107.868,172.0,1.93,7.576,1.302,55.0,9.650851655621144,38.60340662248458,0.25,0.75,0.01286780220749486,0.000580674922591304,0.580674922591304,P6_3/mmc,194,8,LiAg3
Mg,24.305,173.0,1.31,7.646,,71.2,12.8252820305939,38.475846091781705,0.3333333333333333,0.6666666666666666,0.01923792304589085,0.0006242489771770174,0.6242489771770173,Immm,71,3,LiMg2
Pr,140.90766,239.0,1.13,5.464,,216.0,25.556622163834202,34.0754962184456,0.75,0.25,0.1022264886553368,0.0010267846612828206,1.0267846612828206,Fm-3m,225,4,Li3Pr
Se,78.97,190.0,2.55,9.752,2.021,28.9,9.659878001782918,14.489817002674377,0.6666666666666666,0.3333333333333333,0.028979634005348753,0.0005497240546315091,0.5497240546315091,Fm-3m,225,3,Li2Se
Si,28.085,210.0,1.9,8.152,1.385,37.3,13.140352037946972,16.269007285077205,0.8076923076923077,0.19230769230769232,0.06832983059732425,0.0008588129533928696,0.8588129533928696,F-43m,216,104,Li21Si5
Mg,24.305,173.0,1.31,7.646,,71.2,15.473620767766063,61.89448307106425,0.25,0.75,0.020631494357021416,0.0007211413297078116,0.7211413297078116,Pm-3m,221,4,LiMg3
Pb,207.0,202.0,2.33,7.417,0.36,57.0,14.003003460456203,17.185504246923525,0.8148148148148148,0.18518518518518517,0.0756162186864635,0.0007521978541213252,0.7521978541213252,F-43m,216,108,Li22Pb5
Ba,137.33,268.0,0.89,5.212,,272.0,15.293689961973486,61.174759847893945,0.25,0.75,0.020391586615964647,0.0002785746160991824,0.2785746160991824,I4/mmm,139,4,Ba3Li
Hg,200.59,209.0,2.0,10.438,,33.0,5.153514054961987,20.61405621984795,0.25,0.75,0.006871352073282651,0.00023472866999294163,0.23472866999294162,Fm-3m,225,4,LiHg3
O,15.999,152.0,3.44,13.618,1.461,5.3,0.8421584606797389,7.57942614611765,0.1111111111111111,0.8888888888888888,0.0009474282682647063,6.013623019092165e-05,0.06013623019092165,C2/m,12,9,LiO8
C,12.011,170.0,2.55,11.26,1.263,11.3,10.430360906489966,15.645541359734949,0.6666666666666666,0.3333333333333333,0.0312910827194699,0.000894516702795378,0.894516702795378,Fm-3m,225,3,Li2C
Yb,173.05,242.0,,6.254,,139.0,23.616784982147177,31.489046642862903,0.75,0.25,0.09446713992858871,0.0010584427083372716,1.0584427083372716,Fm-3m,225,4,Li3Yb
Eu,151.964,233.0,,5.67,,184.0,31.95038327003706,127.80153308014825,0.25,0.75,0.04260051102671608,0.00082170824809464,0.8217082480946399,P6_3/mmc,194,8,LiEu3
W,183.84,210.0,2.36,7.98,0.815,68.0,1.2991164661379875,1.7321552881839835,0.75,0.25,0.00519646586455195,8.113908903227736e-05,0.08113908903227736,I4/mmm,139,4,Li3W
Ho,164.93033,216.0,1.23,6.022,,156.0,18.116510353308133,72.46604141323253,0.25,0.75,0.024155347137744174,0.000630868990586545,0.630868990586545,Pm-3m,221,4,LiHo3
Rh,102.9055,195.0,2.28,7.459,1.137,66.0,18.0199255459288,72.0797021837152,0.25,0.75,0.024026567394571735,0.0013584931979113968,1.3584931979113968,Imm2,44,4,LiRh3
Co,58.93319,192.0,1.88,7.881,0.661,55.0,2.18039669610825,2.907195594811,0.75,0.25,0.008721586784433001,0.00015485029164171078,0.15485029164171077,I4/mmm,139,4,Li3Co
K,39.0983,275.0,0.82,4.341,0.501,289.7,11.8202212330917,15.760294977455601,0.75,0.25,0.047280884932366804,0.0003636184651381692,0.3636184651381692,Fm-3m,225,4,KLi3
Mg,24.305,173.0,1.31,7.646,,71.2,14.86577194169155,59.4630877667662,0.25,0.75,0.019821029255588735,0.0006866777537543174,0.6866777537543174,Pmm2,25,4,LiMg3
Ir,192.22,202.0,2.2,9.1,1.565,54.0,4.739840310934339,18.959361243737355,0.25,0.75,0.006319787081245785,0.00034681142179704893,0.34681142179704894,Cm,8,4,LiIr3
Tb,158.92535,221.0,,5.864,,170.0,21.212683301634062,84.85073320653625,0.25,0.75,0.028283577735512083,0.0007156256769833986,0.7156256769833986,P6_3/mmc,194,8,LiTb3
Si,28.085,210.0,1.9,8.152,1.385,37.3,1.8753870050727006,7.5015480202908025,0.25,0.75,0.002500516006763601,0.00013258377377898796,0.13258377377898797,I4/mmm,139,4,LiSi3
Mg,24.305,173.0,1.31,7.646,,71.2,11.133628913144157,178.13806261030652,0.0625,0.9375,0.011875870840687102,0.0004998157523012759,0.4998157523012759,P-6m2,187,16,LiMg15
Ga,69.723,187.0,1.81,5.999,0.3,50.0,4.337517207421675,8.67503441484335,0.5,0.5,0.008675034414843349,0.00029664211489303677,0.29664211489303677,Fd-3m,227,4,LiGa
Pb,207.0,202.0,2.33,7.417,0.36,57.0,13.48998312756162,16.66409680463494,0.8095238095238095,0.19047619047619047,0.0708224114196985,0.0007137679205759464,0.7137679205759464,F-43m,216,105,Li17Pb4
Mg,24.305,173.0,1.31,7.646,,71.2,13.372238417793252,80.2334305067595,0.16666666666666666,0.8333333333333334,0.0160466861013519,0.0006100572362147018,0.6100572362147018,P-62m,189,6,LiMg5
Tb,158.92535,221.0,,5.864,,170.0,32.66632559061604,130.66530236246416,0.25,0.75,0.04355510078748805,0.0011252852140610143,1.1252852140610143,I4/mmm,139,4,LiTb3
Gd,157.25,237.0,1.2,6.15,,158.0,15.46121239127035,61.8448495650814,0.25,0.75,0.020614949855027133,0.0005156232375157938,0.5156232375157939,P6_3/mmc,194,8,LiGd3
Br,79.9,183.0,2.96,11.814,3.365,21.0,4.485602707869213,8.971205415738426,0.5,0.5,0.008971205415738426,0.00018060798906463697,0.18060798906463696,P6_3mc,186,4,LiBr
K,39.0983,275.0,0.82,4.341,0.501,289.7,12.355850632417374,16.47446750988983,0.75,0.25,0.049423402529669494,0.0003912369659761718,0.3912369659761718,I4/mmm,139,4,KLi3
Co,58.93319,192.0,1.88,7.881,0.661,55.0,1.8062524701053118,2.4083366268070825,0.75,0.25,0.007225009880421247,0.0001344076858548293,0.1344076858548293,P6_3/mmc,194,8,Li3Co
Ac,227.02775,260.0,1.1,5.17,,282.0,13.634764704525487,54.53905881810195,0.25,0.75,0.01817968627270065,0.0003391809707329945,0.33918097073299447,Pm-3m,221,4,LiAc3
Bi,208.9804,207.0,2.02,7.289,0.946,53.0,13.114259749988012,17.485679666650682,0.75,0.25,0.05245703899995205,0.0007004742166216941,0.7004742166216941,Fm-3m,225,4,Li3Bi
Mg,24.305,173.0,1.31,7.646,,71.2,3.5080810988986504,7.016162197797301,0.5,0.5,0.0070161621977973005,0.00017305542889146605,0.17305542889146605,P4/mmm,123,2,LiMg
Mg,24.305,173.0,1.31,7.646,,71.2,17.90591498006629,23.874553306755047,0.75,0.25,0.07162365992026515,0.0008883221968332785,0.8883221968332785,Fm-3m,225,4,Li3Mg
Pd,106.42,202.0,2.2,8.337,0.557,26.14,3.5551581521786173,5.332737228267926,0.6666666666666666,0.3333333333333333,0.010665474456535852,0.00025988493939855807,0.25988493939855806,P6/mmm,191,3,Li2Pd
O,15.999,152.0,3.44,13.618,1.461,5.3,0.6939110828974998,1.3878221657949996,0.5,0.5,0.0013878221657949996,8.79650418040317e-05,0.0879650418040317,P6_3/mmc,194,8,Li2O2
Yb,173.05,242.0,,6.254,,139.0,26.61638456826238,106.46553827304952,0.25,0.75,0.03548851275768317,0.0009537190373710187,0.9537190373710187,P6_3/mmc,194,8,LiYb3
Pb,207.0,202.0,2.33,7.417,0.36,57.0,11.755253228278724,15.673670971038298,0.75,0.25,0.0470210129131149,0.000644284618804435,0.644284618804435,I4/mmm,139,4,Li3Pb
As,74.92159,185.0,2.18,9.815,0.81,30.0,2.5867140772807065,10.346856309122826,0.25,0.75,0.003448952103040942,0.00013845363890533957,0.13845363890533957,P6_3/mmc,194,8,LiAs3
Ni,58.693,163.0,1.91,7.64,1.156,49.0,2.1773748582563117,2.9031664776750823,0.75,0.25,0.008709499433025247,0.00015239868919458556,0.15239868919458555,P6_3/mmc,194,8,Li3Ni
Eu,151.964,233.0,,5.67,,184.0,26.647099976302602,35.529466635070136,0.75,0.25,0.10658839990521041,0.0009189265066819189,0.9189265066819189,Fm-3m,225,4,Li3Eu
B,10.81,192.0,2.04,8.298,0.277,20.5,5.07476656328963,10.14953312657926,0.5,0.5,0.010149533126579261,0.00013306362166118674,0.13306362166118674,Pmma,51,8,LiB
Mg,24.305,173.0,1.31,7.646,,71.2,15.399760696502241,46.199282089506724,0.3333333333333333,0.6666666666666666,0.02309964104475336,0.000714109494004973,0.714109494004973,P6_3/mmc,194,6,LiMg2
Mg,24.305,173.0,1.31,7.646,,71.2,14.18542938023459,56.74171752093836,0.25,0.75,0.018913905840312786,0.0006539714490335998,0.6539714490335998,P-6m2,187,4,LiMg3
Np,237.048172,221.0,1.36,6.266,,160.0,15.509652871362876,20.67953716181717,0.75,0.25,0.062038611485451506,0.0006843660243347545,0.6843660243347546,P6_3/mmc,194,8,Li3Np
Au,196.96657,166.0,2.54,9.226,2.309,36.06,6.320528580909725,25.2821143236389,0.25,0.75,0.008427371441212967,0.00038675792630063607,0.38675792630063605,Pm-3m,221,4,LiAu3
Sb,121.76,206.0,2.05,8.64,1.07,43.0,11.616281118140162,15.488374824186883,0.75,0.25,0.04646512447256065,0.0006629389521296275,0.6629389521296275,Fm-3m,225,4,Li3Sb
S,32.07,180.0,2.58,10.36,2.077,19.4,5.702335187590275,11.40467037518055,0.5,0.5,0.011404670375180549,0.00034034015306486516,0.34034015306486515,I-4m2,119,2,LiS
B,10.81,192.0,2.04,8.298,0.277,20.5,1.3705230561809998,2.4669415011257994,0.5555555555555556,0.4444444444444444,0.0030836768764072493,0.00014238758239319617,0.14238758239319618,Cm,8,9,Li5B4
Ge,72.63,211.0,2.01,7.9,1.35,40.0,11.72174258339002,16.931405953785582,0.6923076923076923,0.3076923076923077,0.03809566339601756,0.0007649212395355642,0.7649212395355642,Cmcm,63,26,Li9Ge4
Cu,63.55,140.0,1.9,7.726,1.228,46.5,14.222040402636114,56.88816161054446,0.25,0.75,0.01896272053684815,0.0012286073466319652,1.2286073466319651,I4/mmm,139,4,LiCu3
Ga,69.723,187.0,1.81,5.999,0.3,50.0,17.628143167777463,23.504190890369948,0.75,0.25,0.07051257267110984,0.0011236238712273646,1.1236238712273645,I4/mmm,139,4,Li3Ga
Si,28.085,210.0,1.9,8.152,1.385,37.3,13.847689615975591,17.540406846902414,0.7894736842105263,0.21052631578947367,0.06577652567588406,0.000894723487241199,0.894723487241199,I-43d,220,38,Li15Si4
Ge,72.63,211.0,2.01,7.9,1.35,40.0,1.3341615897781254,2.6683231795562508,0.5,0.5,0.0026683231795562507,8.560970212931544e-05,0.08560970212931543,I4_1/amd,141,12,LiGe
Nd,144.24,229.0,1.14,5.525,,208.0,24.987800855193985,33.317067806925316,0.75,0.25,0.09995120342077594,0.0010135392702070648,1.0135392702070647,Fm-3m,225,4,Li3Nd
Cl,35.45,175.0,3.16,12.968,3.617,14.6,4.700399878097863,9.400799756195726,0.5,0.5,0.009400799756195725,0.00022169080712211968,0.2216908071221197,P6_3mc,186,4,LiCl
As,74.92159,185.0,2.18,9.815,0.81,30.0,7.389241839593813,14.778483679187627,0.5,0.5,0.014778483679187627,0.00041138591494309303,0.411385914943093,P2_1/c,14,16,LiAs
Sn,118.71,217.0,1.96,7.344,1.2,53.0,0.9550355455569167,1.3223569092326537,0.7222222222222222,0.2777777777777778,0.0034381279640049002,5.3687443972749226e-05,0.05368744397274922,P-3m1,164,18,Li13Sn5
Sm,150.4,229.0,1.17,5.644,,192.0,25.455674104482775,33.940898805977035,0.75,0.25,0.1018226964179311,0.001064111287172761,1.064111287172761,Fm-3m,225,4,Li3Sm
F,18.99840316,135.0,3.98,17.423,3.339,3.74,8.12876769215665,16.2575353843133,0.5,0.5,0.0162575353843133,0.0009695551289110072,0.9695551289110071,Pm-3m,221,2,LiF
O,15.999,152.0,3.44,13.618,1.461,5.3,1.0494729074944,3.1484187224832,0.3333333333333333,0.6666666666666666,0.0015742093612416,0.0001145141014129952,0.1145141014129952,C2/m,12,6,LiO2
Si,28.085,210.0,1.9,8.152,1.385,37.3,0.5925353163902497,0.8464790234146424,0.7,0.3,0.001975117721300832,4.060477859188621e-05,0.04060477859188621,C2,5,60,Li7Si3
Hg,200.59,209.0,2.0,10.438,,33.0,12.426190638381158,16.56825418450821,0.75,0.25,0.04970476255352463,0.0007118289918753508,0.7118289918753508,P6_3/mmc,194,8,Li3Hg
Re,186.207,217.0,1.9,7.88,0.15,62.0,1.1665245281704375,1.5553660375605831,0.75,0.25,0.00466609811268175,8.135267700988353e-05,0.08135267700988352,P6_3/mmc,194,8,Li3Re
B,10.81,192.0,2.04,8.298,0.277,20.5,5.0634059652464165,60.760871582956995,0.08333333333333333,0.9166666666666666,0.005523715598450636,0.0007200758674240931,0.7200758674240931,F-43m,216,12,LiB11
Y,88.90584,219.0,1.22,6.217,0.307,162.0,20.99839429080225,27.997859054402998,0.75,0.25,0.083993577163209,0.0009005830936223113,0.9005830936223114,P6_3/mmc,194,8,Li3Y
Pd,106.42,202.0,2.2,8.337,0.557,26.14,16.755674718341737,21.223854643232865,0.7894736842105263,0.21052631578947367,0.07958945491212326,0.0010818092658280267,1.0818092658280267,I-43d,220,38,Li15Pd4
As,74.92159,185.0,2.18,9.815,0.81,30.0,11.73736754524223,15.649823393656305,0.75,0.25,0.04694947018096892,0.0007748913389755584,0.7748913389755584,P-3c1,165,24,Li3As
Mg,24.305,173.0,1.31,7.646,,71.2,16.573127627500753,24.85969144125113,0.6666666666666666,0.3333333333333333,0.04971938288250226,0.0008125076106280225,0.8125076106280225,C2/m,12,6,Li2Mg
Te,127.6,206.0,2.1,9.01,1.971,38.0,3.032952140442644,12.131808561770576,0.25,0.75,0.004043936187256858,9.514474491027219e-05,0.0951447449102722,P6_3/mmc,194,8,LiTe3
C,12.011,170.0,2.55,11.26,1.263,11.3,0.7037704805741616,9.1490162474641,0.07692307692307693,0.9230769230769231,0.0007624180206220084,8.210390310570991e-05,0.0821039031057099,P6/mmm,191,13,LiC12
Cd,112.41,158.0,1.69,8.994,,46.0,15.417567652994437,20.55675687065925,0.75,0.25,0.061670270611977746,0.000758762798904737,0.7587627989047371,R-3m,166,4,Li3Cd
Mg,24.305,173.0,1.31,7.646,,71.2,16.13153483008081,48.39460449024242,0.3333333333333333,0.6666666666666666,0.024197302245121212,0.000758555901234209,0.7585559012342089,Cmcm,63,6,LiMg2
Ga,69.723,187.0,1.81,5.999,0.3,50.0,17.30856052869555,23.078080704927398,0.75,0.25,0.0692342421147822,0.0011120137675277673,1.1120137675277673,Fm-3m,225,4,Li3Ga
Y,88.90584,219.0,1.22,6.217,0.307,162.0,25.358602394409814,101.43440957763926,0.25,0.75,0.033811469859213086,0.0008518587526966267,0.8518587526966267,Pm-3m,221,4,LiY3
Mg,24.305,173.0,1.31,7.646,,71.2,12.852929373574,77.117576241444,0.16666666666666666,0.8333333333333334,0.0154235152482888,0.0005850631792629655,0.5850631792629655,P-6m2,187,6,LiMg5
S,32.07,180.0,2.58,10.36,2.077,19.4,9.012315787995151,13.518473681992727,0.6666666666666666,0.3333333333333333,0.027036947363985455,0.0005851181905868992,0.5851181905868992,P1,1,33,Li2S
Mg,24.305,173.0,1.31,7.646,,71.2,16.511373111389364,24.767059667084048,0.6666666666666666,0.3333333333333333,0.0495341193341681,0.0008169659314601231,0.8169659314601231,C2/m,12,6,Li2Mg
Tl,204.383,196.0,1.62,6.108,0.2,66.0,17.028471939805648,23.839860715727905,0.7142857142857143,0.2857142857142857,0.05959965178931976,0.0009269567864463354,0.9269567864463354,R-3m,166,7,Li5Tl2
Ga,69.723,187.0,1.81,5.999,0.3,50.0,10.8511996191861,36.170665397287,0.3,0.7,0.015501713741694428,0.0006214064811348696,0.6214064811348696,R-3m,166,20,Li3Ga7
Mg,24.305,173.0,1.31,7.646,,71.2,16.57574579092627,49.7272373727788,0.3333333333333333,0.6666666666666666,0.0248636186863894,0.0007787535128062901,0.7787535128062901,C2/c,15,6,LiMg2
S,32.07,180.0,2.58,10.36,2.077,19.4,0.437992907443885,2.189964537219425,0.2,0.8,0.0005474911343048563,2.0708116284339167e-06,0.0020708116284339165,P1,1,10,LiS4
Mg,24.305,173.0,1.31,7.646,,71.2,17.92590129642992,23.901201728573227,0.75,0.25,0.07170360518571968,0.0008906311707091351,0.8906311707091351,P6_3/mmc,194,8,Li3Mg
Bi,208.9804,207.0,2.02,7.289,0.946,53.0,7.770909813516099,15.541819627032199,0.5,0.5,0.015541819627032199,0.0003262938553499366,0.3262938553499366,P4/mmm,123,2,LiBi
Tl,204.383,196.0,1.62,6.108,0.2,66.0,12.096499724428757,24.192999448857513,0.5,0.5,0.024192999448857513,0.0004795830145461778,0.4795830145461778,P6_3/mmc,194,8,LiTl
P,30.973762,180.0,2.19,10.487,0.746,25.0,1.7561147159470416,10.53668829568225,0.16666666666666666,0.8333333333333334,0.00210733765913645,8.951801763490704e-05,0.08951801763490704,Pna2_1,33,24,LiP5
Ag,107.868,172.0,1.93,7.576,1.302,55.0,11.817815205904692,19.203949709595122,0.6153846153846154,0.38461538461538464,0.0307263195353522,0.0007229731934856757,0.7229731934856758,I-43m,217,26,Li8Ag5
Mg,24.305,173.0,1.31,7.646,,71.2,17.101041409295433,25.65156211394315,0.6666666666666666,0.3333333333333333,0.0513031242278863,0.0008478715162686398,0.8478715162686398,C2/c,15,6,Li2Mg
O,15.999,152.0,3.44,13.618,1.461,5.3,0.7706108932475111,6.935498039227601,0.1111111111111111,0.8888888888888888,0.00086693725490345,6.561269628370808e-05,0.06561269628370808,Cm,8,9,LiO8
K,39.0983,275.0,0.82,4.341,0.501,289.7,1.9257162265210628,7.702864906084251,0.25,0.75,0.002567621635361417,3.3833090168078387e-05,0.03383309016807839,Fm-3m,225,4,K3Li
Ge,72.63,211.0,2.01,7.9,1.35,40.0,2.4390498594214374,9.75619943768575,0.25,0.75,0.003252066479228583,0.0001346324530652314,0.1346324530652314,I4/mmm,139,4,LiGe3
Ga,69.723,187.0,1.81,5.999,0.3,50.0,3.6465791879533596,6.077631979922265,0.6,0.4,0.009116447969883399,0.0002480680156003317,0.24806801560033168,R-3m,166,5,Li3Ga2
Te,127.6,206.0,2.1,9.01,1.971,38.0,3.6729358522451876,14.69174340898075,0.25,0.75,0.0048972478029935835,0.0001231408867652524,0.1231408867652524,P3,143,48,LiTe3
Zn,65.4,139.0,1.65,9.394,,38.67,8.815918172674685,35.26367269069874,0.25,0.75,0.011754557563566248,0.0005891728726469215,0.5891728726469215,P-6m2,187,4,LiZn3
Mg,24.305,173.0,1.31,7.646,,71.2,17.328738757740624,23.10498501032083,0.75,0.25,0.0693149550309625,0.0008514960526789025,0.8514960526789025,Imm2,44,4,Li3Mg
Mg,24.305,173.0,1.31,7.646,,71.2,17.256976814020653,34.51395362804131,0.5,0.5,0.034513953628041306,0.0008084191713330409,0.8084191713330409,Amm2,38,6,LiMg
Mg,24.305,173.0,1.31,7.646,,71.2,16.35847971691933,24.537719575378997,0.6666666666666666,0.3333333333333333,0.049075439150757995,0.0007980115737352179,0.7980115737352179,P-62m,189,6,Li2Mg
In,114.818,193.0,1.78,5.786,0.3,65.0,17.66364578860825,23.551527718144335,0.75,0.25,0.070654583154433,0.0009888936817495128,0.9888936817495128,Fm-3m,225,4,Li3In
Cr,51.996,189.0,1.66,6.767,0.666,83.0,1.5033062535905,2.0044083381206663,0.75,0.25,0.006013225014362,8.236954985524746e-05,0.08236954985524746,P6_3/mmc,194,8,Li3Cr
Sn,118.71,217.0,1.96,7.344,1.2,53.0,1.558669472609042,3.117338945218084,0.5,0.5,0.003117338945218084,7.609199702325763e-05,0.07609199702325763,P2/m,10,6,LiSn
Pb,207.0,202.0,2.33,7.417,0.36,57.0,12.127603527127455,16.67545484980025,0.7272727272727273,0.2727272727272727,0.04446787959946733,0.0006469790066177612,0.6469790066177612,C2/m,12,11,Li8Pb3
Mg,24.305,173.0,1.31,7.646,,71.2,14.881665460688895,39.68444122850372,0.375,0.625,0.023810664737102232,0.0007051347387544247,0.7051347387544247,I4/mmm,139,8,Li3Mg5
Tl,204.383,196.0,1.62,6.108,0.2,66.0,17.791499834733276,23.72199977964437,0.75,0.25,0.07116599933893311,0.0009830358365571878,0.9830358365571878,Fm-3m,225,4,Li3Tl
Mg,24.305,173.0,1.31,7.646,,71.2,16.845889115238535,20.215066938286242,0.8333333333333334,0.16666666666666666,0.1010753346914312,0.0008122926130055696,0.8122926130055697,P-6m2,187,6,Li5Mg
F,18.99840316,135.0,3.98,17.423,3.339,3.74,7.1133522031637755,14.226704406327551,0.5,0.5,0.014226704406327551,0.0007294418075271795,0.7294418075271795,P6_3mc,186,4,LiF
B,10.81,192.0,2.04,8.298,0.277,20.5,5.142976946248043,61.715723354976504,0.08333333333333333,0.9166666666666666,0.0056105203049978646,0.0007057366613120665,0.7057366613120665,R3m,160,12,LiB11
Hg,200.59,209.0,2.0,10.438,,33.0,5.937375724387588,23.749502897550354,0.25,0.75,0.007916500965850117,0.00026945185911675786,0.26945185911675784,I4/mmm,139,4,LiHg3
Nb,92.90637,207.0,1.6,6.759,0.893,98.0,17.75033161539136,23.66710882052181,0.75,0.25,0.07100132646156544,0.0011088697490473452,1.1088697490473451,Fm-3m,225,4,Li3Nb
B,10.81,192.0,2.04,8.298,0.277,20.5,10.878998451046082,21.757996902092163,0.5,0.5,0.021757996902092163,0.0008039433540166898,0.8039433540166898,Pnma,62,8,LiB
La,138.9055,240.0,1.1,5.577,0.5,215.0,21.2672575988921,28.356343465189465,0.75,0.25,0.0850690303955684,0.0008241409362038106,0.8241409362038106,Fm-3m,225,4,Li3La
Pd,106.42,202.0,2.2,8.337,0.557,26.14,13.96158625127065,27.9231725025413,0.5,0.5,0.0279231725025413,0.0010187849660116474,1.0187849660116475,P-6m2,187,2,LiPd
U,238.0289,240.0,1.38,6.194,,180.0,15.674694680557675,31.34938936111535,0.5,0.5,0.03134938936111535,0.0007945278317577765,0.7945278317577765,P-6m2,187,2,LiU
Pd,106.42,202.0,2.2,8.337,0.557,26.14,11.758503101895414,47.034012407581656,0.25,0.75,0.01567800413586055,0.0008241965929235464,0.8241965929235464,Pm-3m,221,4,LiPd3
Ba,137.33,268.0,0.89,5.212,,272.0,18.343399180422665,22.929248975528335,0.8,0.2,0.09171699590211334,0.0006063742131407352,0.6063742131407353,P6_3/mmc,194,30,BaLi4
Pd,106.42,202.0,2.2,8.337,0.557,26.14,12.884955544424075,25.76991108884815,0.5,0.5,0.02576991108884815,0.0009939840135749555,0.9939840135749555,Pm-3m,221,2,LiPd
Dy,162.5,229.0,1.22,5.939,,163.0,21.671095832680997,28.894794443574664,0.75,0.25,0.086684383330724,0.0009252315285710755,0.9252315285710755,P6_3/mmc,194,8,Li3Dy
C,12.011,170.0,2.55,11.26,1.263,11.3,0.7237682117760588,13.131223270794209,0.05511811023622047,0.9448818897637795,0.0007659880241296622,7.168716011369325e-05,0.07168716011369325,Pm,6,127,Li7C120
Mg,24.305,173.0,1.31,7.646,,71.2,3.511203079494825,7.02240615898965,0.5,0.5,0.00702240615898965,0.00017347142542831906,0.17347142542831906,Pmma,51,4,LiMg
Mg,24.305,173.0,1.31,7.646,,71.2,12.67120569602748,101.36964556821984,0.125,0.875,0.01448137793831712,0.0005761435916639147,0.5761435916639147,P-6m2,187,8,LiMg7
Ag,107.868,172.0,1.93,7.576,1.302,55.0,14.077170102024562,18.769560136032748,0.75,0.25,0.05630868040809825,0.0008576334577067169,0.857633457706717,Fm-3m,225,4,Li3Ag
Cu,63.55,140.0,1.9,7.726,1.228,46.5,14.197536644771075,56.7901465790843,0.25,0.75,0.018930048859694768,0.0012248830158602404,1.2248830158602404,Pm-3m,221,4,LiCu3
Dy,162.5,229.0,1.22,5.939,,163.0,30.16673263841156,120.66693055364624,0.25,0.75,0.04022231018454875,0.001031030622200792,1.0310306222007921,P6_3/mmc,194,8,LiDy3
B,10.81,192.0,2.04,8.298,0.277,20.5,8.70229425813089,15.664129664635603,0.5555555555555556,0.4444444444444444,0.0195801620807945,0.0007210204243248437,0.7210204243248437,R3m,160,9,Li5B4
Zn,65.4,139.0,1.65,9.394,,38.67,12.510449798034239,25.020899596068478,0.5,0.5,0.02502089959606848,0.0008978246880254882,0.8978246880254882,Fd-3m,227,4,LiZn
Rh,102.9055,195.0,2.28,7.459,1.137,66.0,16.739053767911162,66.95621507164465,0.25,0.75,0.022318738357214884,0.0012223018964640812,1.2223018964640813,I4/mmm,139,4,LiRh3
S,32.07,180.0,2.58,10.36,2.077,19.4,9.078917697892923,13.618376546839384,0.6666666666666666,0.3333333333333333,0.02723675309367877,0.0005894421499285596,0.5894421499285596,R3m,160,33,Li2S
Sm,150.4,229.0,1.17,5.644,,192.0,31.76501598074461,127.06006392297844,0.25,0.75,0.04235335464099282,0.0010412004753981576,1.0412004753981576,Pm-3m,221,4,LiSm3
Mg,24.305,173.0,1.31,7.646,,71.2,16.657339849104265,33.31467969820853,0.5,0.5,0.03331467969820853,0.0007991027796791085,0.7991027796791085,C2,5,6,LiMg
P,30.973762,180.0,2.19,10.487,0.746,25.0,8.016642497761094,16.033284995522187,0.5,0.5,0.016033284995522187,0.0005161056106455216,0.5161056106455215,P2_1/c,14,16,LiP
Ge,72.63,211.0,2.01,7.9,1.35,40.0,0.920930568280596,1.330233043071972,0.6923076923076923,0.3076923076923077,0.002993024346911937,5.8458874833805856e-05,0.05845887483380586,Cmcm,63,26,Li9Ge4
Mg,24.305,173.0,1.31,7.646,,71.2,17.96563473186639,35.93126946373278,0.5,0.5,0.03593126946373278,0.0008515471869069624,0.8515471869069624,Amm2,38,6,LiMg
Mg,24.305,173.0,1.31,7.646,,71.2,16.20412097823212,24.30618146734818,0.6666666666666666,0.3333333333333333,0.048612362934696354,0.0007898224658663135,0.7898224658663136,Cm,8,6,Li2Mg
Tc,96.90636,209.0,1.9,7.28,0.55,79.0,2.0276477589628503,2.703530345283801,0.75,0.25,0.008110591035851402,0.0001358123340336223,0.13581233403362228,Fm-3m,225,4,Li3Tc
Sc,44.95591,211.0,1.36,6.561,0.188,97.0,18.906354558452936,25.208472744603917,0.75,0.25,0.07562541823381175,0.0009118142893039223,0.9118142893039224,P6_3/mmc,194,8,Li3Sc
Mg,24.305,173.0,1.31,7.646,,71.2,16.36319187105085,32.7263837421017,0.5,0.5,0.032726383742101704,0.0007584696646718817,0.7584696646718817,P-6m2,187,6,LiMg
Pb,207.0,202.0,2.33,7.417,0.36,57.0,1.5416515330807252,6.166606132322901,0.25,0.75,0.0020555353774409668,4.437497674901116e-05,0.04437497674901116,P4/mmm,123,4,LiPb3
Mg,24.305,173.0,1.31,7.646,,71.2,15.920230240642416,31.840460481284833,0.5,0.5,0.03184046048128483,0.0007609441723918197,0.7609441723918198,Cm,8,6,LiMg
Mg,24.305,173.0,1.31,7.646,,71.2,14.3096981479118,28.6193962958236,0.5,0.5,0.0286193962958236,0.0006894307789539606,0.6894307789539605,Cmmm,65,2,LiMg
Au,196.96657,166.0,2.54,9.226,2.309,36.06,6.208974261691162,24.835897046764646,0.25,0.75,0.008278632348921549,0.00037777162753651055,0.37777162753651056,I4/mmm,139,4,LiAu3
S,32.07,180.0,2.58,10.36,2.077,19.4,11.492868933480333,17.2393034002205,0.6666666666666666,0.3333333333333333,0.034478606800441,0.0008070252529462686,0.8070252529462686,Pnma,62,12,Li2S
B,10.81,192.0,2.04,8.298,0.277,20.5,5.296672570440958,63.5600708452915,0.08333333333333333,0.9166666666666666,0.005778188258662864,0.0007422949795337274,0.7422949795337274,F-43m,216,12,LiB11
Be,9.012183,153.0,1.57,9.323,,37.74,10.62777362456355,21.2555472491271,0.5,0.5,0.0212555472491271,0.0009295289578707818,0.9295289578707818,P2_1/m,11,4,LiBe
C,12.011,170.0,2.55,11.26,1.263,11.3,0.6252917985277359,4.377042589694151,0.14285714285714285,0.8571428571428571,0.0007295070982823584,7.465867044649333e-05,0.07465867044649332,P6/mmm,191,7,LiC6
Mg,24.305,173.0,1.31,7.646,,71.2,16.020350992593084,48.06105297777925,0.3333333333333333,0.6666666666666666,0.024030526488889623,0.0007446121100955698,0.7446121100955698,C2/m,12,6,LiMg2
Si,28.085,210.0,1.9,8.152,1.385,37.3,12.034943658298088,15.738003245466734,0.7647058823529411,0.23529411764705882,0.05114851054776688,0.0007814776645293501,0.7814776645293501,Pbam,55,34,Li13Si4
Au,196.96657,166.0,2.54,9.226,2.309,36.06,14.250476240311407,18.050603237727785,0.7894736842105263,0.21052631578947367,0.06768976214147919,0.0008837939841711745,0.8837939841711745,I-43d,220,38,Li15Au4
Mg,24.305,173.0,1.31,7.646,,71.2,15.960377156763725,31.92075431352745,0.5,0.5,0.03192075431352745,0.0007590419748201364,0.7590419748201364,P-6m2,187,2,LiMg
Hg,200.59,209.0,2.0,10.438,,33.0,4.330781919554287,17.323127678217148,0.25,0.75,0.0057743758927390485,0.00019939326586736815,0.19939326586736816,P6_3/mmc,194,8,LiHg3
Mg,24.305,173.0,1.31,7.646,,71.2,15.393274413614176,23.089911620421265,0.6666666666666666,0.3333333333333333,0.04617982324084253,0.0007406687667256043,0.7406687667256043,Cmcm,63,6,Li2Mg
O,15.999,152.0,3.44,13.618,1.461,5.3,8.374927601858724,12.562391402788087,0.6666666666666666,0.3333333333333333,0.025124782805576173,0.0008524738105996186,0.8524738105996187,P1,1,102,Li2O
Tm,168.93422,227.0,1.25,6.184,,144.0,18.345222454228065,24.46029660563742,0.75,0.25,0.07338088981691226,0.0008060453915328247,0.8060453915328247,P6_3/mmc,194,8,Li3Tm
O,15.999,152.0,3.44,13.618,1.461,5.3,0.943189408454075,1.88637881690815,0.5,0.5,0.0018863788169081498,0.00012397123504384296,0.12397123504384296,P4/mmm,123,2,Li2O2
Ge,72.63,211.0,2.01,7.9,1.35,40.0,13.903842090303291,17.611533314384168,0.7894736842105263,0.21052631578947367,0.06604324992894063,0.0008887388567621538,0.8887388567621538,I-43d,220,38,Li15Ge4
Zn,65.4,139.0,1.65,9.394,,38.67,16.967860276092875,22.623813701457166,0.75,0.25,0.0678714411043715,0.001047290326627956,1.047290326627956,P6_3/mmc,194,8,Li3Zn
Pb,207.0,202.0,2.33,7.417,0.36,57.0,4.986587856097074,19.946351424388297,0.25,0.75,0.006648783808129432,0.00017848009693026689,0.1784800969302669,I4/mmm,139,4,LiPb3
Mo,95.95,209.0,2.16,7.092,0.746,87.0,1.369366761548075,1.8258223487307665,0.75,0.25,0.0054774670461923,8.461667464740003e-05,0.08461667464740003,Pm-3m,221,4,Li3Mo
Ba,137.33,268.0,0.89,5.212,,272.0,18.816124430887616,26.941269071498184,0.6984126984126984,0.30158730158730157,0.06239030732346947,0.0005594871421586421,0.559487142158642,I-42d,122,126,Ba19Li44
Sm,150.4,229.0,1.17,5.644,,192.0,17.350697299099064,23.134263065465415,0.75,0.25,0.06940278919639625,0.0007084438945281582,0.7084438945281581,P6_3/mmc,194,8,Li3Sm
Al,26.981538,184.0,1.61,5.986,0.441,57.8,10.511435934700474,42.045743738801896,0.25,0.75,0.014015247912933966,0.0006583349359713945,0.6583349359713945,I4/mmm,139,4,LiAl3
Mg,24.305,173.0,1.31,7.646,,71.2,14.398084790244516,43.194254370733546,0.3333333333333333,0.6666666666666666,0.021597127185366775,0.0006955953205933378,0.6955953205933378,C2/m,12,6,LiMg2
Mg,24.305,173.0,1.31,7.646,,71.2,18.210532401979435,27.31579860296915,0.6666666666666666,0.3333333333333333,0.0546315972059383,0.0008599328913827792,0.8599328913827792,P-3m1,164,6,Li2Mg
Ga,69.723,187.0,1.81,5.999,0.3,50.0,11.355287048001333,34.065861144003996,0.3333333333333333,0.6666666666666666,0.017032930572002,0.0005830048928358852,0.5830048928358852,Fd-3m,227,12,LiGa2
Cd,112.41,158.0,1.69,8.994,,46.0,8.541696517641775,34.1667860705671,0.25,0.75,0.011388928690189032,0.00043584704217987814,0.43584704217987813,P6_3/mmc,194,8,LiCd3
Pt,195.08,209.0,2.28,9.0,2.128,48.0,9.840965766717973,19.681931533435947,0.5,0.5,0.019681931533435948,0.0007225438173987981,0.7225438173987981,P-6m2,187,2,LiPt
Sb,121.76,206.0,2.05,8.64,1.07,43.0,9.598265034239361,14.397397551359042,0.6666666666666666,0.3333333333333333,0.028794795102718082,0.00048038622612758,0.48038622612758003,P-62c,190,18,Li2Sb
Al,26.981538,184.0,1.61,5.986,0.441,57.8,16.756457317548083,25.134685976322125,0.6666666666666666,0.3333333333333333,0.05026937195264425,0.0010240088201384754,1.0240088201384754,Cmcm,63,6,Li2Al
B,10.81,192.0,2.04,8.298,0.277,20.5,10.850142539158574,21.700285078317147,0.5,0.5,0.021700285078317148,0.000799489490742815,0.799489490742815,Imma,74,4,LiB
As,74.92159,185.0,2.18,9.815,0.81,30.0,11.73796530667608,16.085359864704255,0.7297297297297297,0.2702702702702703,0.0434304716347015,0.000764553743484511,0.764553743484511,C2/m,12,37,Li27As10
Te,127.6,206.0,2.1,9.01,1.971,38.0,3.6663835754089265,14.665534301635706,0.25,0.75,0.004888511433878568,0.00012259184351379274,0.12259184351379274,P-3c1,165,48,LiTe3
Pu,244.0642,243.0,1.28,6.06,,145.0,17.02388970977861,22.698519613038147,0.75,0.25,0.06809555883911445,0.0007170382928016527,0.7170382928016528,I4/mmm,139,4,Li3Pu
Na,22.9897693,227.0,0.93,5.139,0.548,162.7,18.42275304731594,24.563670729754588,0.75,0.25,0.07369101218926376,0.0007364836176146503,0.7364836176146503,P6_3/mmc,194,8,NaLi3
Lu,174.9667,221.0,1.27,5.426,,137.0,17.314651570596812,23.08620209412908,0.75,0.25,0.06925860628238725,0.0007764960559933123,0.7764960559933123,P6_3/mmc,194,8,Li3Lu
Rb,85.468,303.0,0.82,4.177,0.468,319.8,1.7977718923452504,7.1910875693810015,0.25,0.75,0.002397029189793667,2.5638901606606523e-05,0.025638901606606524,Pm-3m,221,4,Rb3Li
Pm,144.91276,236.0,,5.55,,200.0,25.436806740734003,33.915742320978666,0.75,0.25,0.101747226962936,0.0010521496636378917,1.0521496636378918,Fm-3m,225,4,Li3Pm
Mg,24.305,173.0,1.31,7.646,,71.2,18.123143843014624,21.74777261161755,0.8333333333333334,0.16666666666666666,0.10873886305808775,0.0008932785824824295,0.8932785824824295,P-62m,189,6,Li5Mg
Ag,107.868,172.0,1.93,7.576,1.302,55.0,11.225419546443625,22.45083909288725,0.5,0.5,0.02245083909288725,0.0006842744124417311,0.684274412441731,I4_1/amd,141,4,LiAg
Sn,118.71,217.0,1.96,7.344,1.2,53.0,12.759771332836428,15.762070469974413,0.8095238095238095,0.19047619047619047,0.06698879949739125,0.0007048584261500627,0.7048584261500627,F-43m,216,105,Li17Sn4
As,74.92159,185.0,2.18,9.815,0.81,30.0,11.587267310999376,15.449689747999168,0.75,0.25,0.0463490692439975,0.0007331805034213794,0.7331805034213794,P6_3/mmc,194,8,Li3As
B,10.81,192.0,2.04,8.298,0.277,20.5,1.0008373333783753,1.3344497778378337,0.75,0.25,0.004003349333513501,8.840269705939855e-05,0.08840269705939854,I4/mmm,139,4,Li3B
Zn,65.4,139.0,1.65,9.394,,38.67,3.9709238248480356,55.5929335478725,0.07142857142857142,0.9285714285714286,0.0042763795036825,0.00025530622487827134,0.25530622487827137,Fm-3c,226,28,LiZn13
Be,9.012183,153.0,1.57,9.323,,37.74,16.525939106695827,22.034585475594433,0.75,0.25,0.0661037564267833,0.0011316002475610279,1.1316002475610278,I4/mmm,139,4,Li3Be
Mg,24.305,173.0,1.31,7.646,,71.2,18.406000074115493,22.08720008893859,0.8333333333333334,0.16666666666666666,0.11043600044469296,0.0009156062230882484,0.9156062230882485,C2,5,6,Li5Mg
Sn,118.71,217.0,1.96,7.344,1.2,53.0,2.214984862140686,7.7524470174924005,0.2857142857142857,0.7142857142857143,0.0031009788069969605,9.421022555929212e-05,0.09421022555929212,P4/mbm,127,14,Li2Sn5
O,15.999,152.0,3.44,13.618,1.461,5.3,11.343460409023917,17.015190613535875,0.6666666666666666,0.3333333333333333,0.03403038122707175,0.0015057894347418222,1.5057894347418221,Pnma,62,12,Li2O
Ga,69.723,187.0,1.81,5.999,0.3,50.0,11.630238419575242,46.52095367830097,0.25,0.75,0.015506984559433655,0.0007164146423558832,0.7164146423558831,P6_3/mmc,194,8,LiGa3
Ir,192.22,202.0,2.2,9.1,1.565,54.0,13.023588366629527,26.047176733259054,0.5,0.5,0.026047176733259052,0.000981118456501781,0.9811184565017811,P-6m2,187,2,LiIr
Al,26.981538,184.0,1.61,5.986,0.441,57.8,16.99765730823504,24.55217166745061,0.6923076923076923,0.3076923076923077,0.05524238625176388,0.0010301357947302679,1.0301357947302678,P-1,2,13,Li9Al4
Pt,195.08,209.0,2.28,9.0,2.128,48.0,7.520572069380276,30.082288277521105,0.25,0.75,0.010027429425840369,0.0005258003464567452,0.5258003464567452,Pm-3m,221,4,LiPt3
Mg,24.305,173.0,1.31,7.646,,71.2,14.511332720498125,58.0453308819925,0.25,0.75,0.019348443627330833,0.0006619861592826732,0.6619861592826732,I4/mmm,139,4,LiMg3
Pd,106.42,202.0,2.2,8.337,0.557,26.14,15.331266703699622,122.65013362959698,0.125,0.875,0.017521447661371,0.001045258396966985,1.045258396966985,Fm-3m,225,8,LiPd7
I,126.9045,198.0,2.66,10.451,3.059,32.9,4.840869089761949,9.681738179523897,0.5,0.5,0.009681738179523898,0.00018088900307134257,0.18088900307134256,P6_3/mmc,194,4,LiI
Ca,40.08,231.0,1.0,6.113,,160.8,6.82510448265305,34.125522413265244,0.2,0.8,0.008531380603316312,0.00016758901827728916,0.16758901827728917,Fd-3m,227,10,LiCa4
Eu,151.964,233.0,,5.67,,184.0,26.473654483916885,105.89461793566754,0.25,0.75,0.03529820597855585,0.0006835114925078294,0.6835114925078294,I4/mmm,139,4,LiEu3
Rh,102.9055,195.0,2.28,7.459,1.137,66.0,0.8938504019247503,1.191800535899667,0.75,0.25,0.003575401607699001,6.638948557382256e-05,0.06638948557382256,P6_3/mmc,194,8,Li3Rh
Ga,69.723,187.0,1.81,5.999,0.3,50.0,8.414240490329277,37.86408220648175,0.2222222222222222,0.7777777777777778,0.010818309201851927,0.0004475186525772437,0.4475186525772437,Cm,8,18,Li2Ga7
B,10.81,192.0,2.04,8.298,0.277,20.5,1.0879295338342498,2.1758590676684997,0.5,0.5,0.0021758590676684997,0.0001549216626509982,0.15492166265099822,Fd-3m,227,4,LiB
Tl,204.383,196.0,1.62,6.108,0.2,66.0,12.824262051226397,25.648524102452793,0.5,0.5,0.02564852410245279,0.0005574726527238479,0.5574726527238479,Cmce,64,24,LiTl
Pa,231.03588,243.0,1.5,5.89,,200.0,17.147676384894922,34.295352769789844,0.5,0.5,0.034295352769789844,0.0007560259961348719,0.7560259961348719,P-6m2,187,2,LiPa
Al,26.981538,184.0,1.61,5.986,0.441,57.8,10.5457578251165,42.183031300466,0.25,0.75,0.014061010433488666,0.0006611720608154974,0.6611720608154974,Pm-3m,221,4,LiAl3
Pu,244.0642,243.0,1.28,6.06,,145.0,14.716199064086002,58.86479625634401,0.25,0.75,0.01962159875211467,0.000804650414460011,0.804650414460011,Fm-3m,225,4,LiPu3
O,15.999,152.0,3.44,13.618,1.461,5.3,9.555845815616715,14.333768723425074,0.6666666666666666,0.3333333333333333,0.028667537446850147,0.0009924824533622467,0.9924824533622466,P1,1,102,Li2O
Mg,24.305,173.0,1.31,7.646,,71.2,12.655035909469042,37.965107728407126,0.3333333333333333,0.6666666666666666,0.018982553864203562,0.0006137590555596427,0.6137590555596427,C2/m,12,6,LiMg2
Ge,72.63,211.0,2.01,7.9,1.35,40.0,13.490811425543612,16.556904931348978,0.8148148148148148,0.18518518518518517,0.0728503816979355,0.0008680234680251966,0.8680234680251966,F-43m,216,108,Li22Ge5
Ga,69.723,187.0,1.81,5.999,0.3,50.0,11.778104016939313,47.11241606775725,0.25,0.75,0.015704138689252415,0.0006980020520644509,0.6980020520644509,Pm-3m,221,4,LiGa3
Mg,24.305,173.0,1.31,7.646,,71.2,16.940384550472167,25.410576825708247,0.6666666666666666,0.3333333333333333,0.0508211536514165,0.0008025184778899901,0.8025184778899901,P6_3/mmc,194,6,Li2Mg
O,15.999,152.0,3.44,13.618,1.461,5.3,3.3318432712172874,13.32737308486915,0.25,0.75,0.004442457694956384,0.0003111863234871721,0.31118632348717207,Imm2,44,4,LiO3
Y,88.90584,219.0,1.22,6.217,0.307,162.0,24.662017011735774,98.6480680469431,0.25,0.75,0.03288268934898103,0.0008262448520084552,0.8262448520084552,I4/mmm,139,4,LiY3
N,14.007,155.0,3.04,14.534,,7.4,5.724903679443624,11.449807358887249,0.5,0.5,0.011449807358887249,0.00044794871011115297,0.44794871011115295,I-4m2,119,2,LiN
C,12.011,170.0,2.55,11.26,1.263,11.3,7.605116397794513,15.210232795589025,0.5,0.5,0.015210232795589026,0.0006617699769978117,0.6617699769978117,Immm,71,4,LiC
Pb,207.0,202.0,2.33,7.417,0.36,57.0,7.698734912711974,15.397469825423949,0.5,0.5,0.015397469825423948,0.00035116077884969393,0.35116077884969393,Pm-3m,221,2,LiPb
Mg,24.305,173.0,1.31,7.646,,71.2,18.217074828466412,24.28943310462188,0.75,0.25,0.07286829931386565,0.0009143043465511759,0.9143043465511759,Pm-3m,221,4,Li3Mg
I,126.9045,198.0,2.66,10.451,3.059,32.9,3.4036575752345253,6.807315150469051,0.5,0.5,0.006807315150469051,0.00010441348266068059,0.1044134826606806,P6_3mc,186,4,LiI
Er,167.26,235.0,1.24,6.108,,150.0,19.762480118026435,79.04992047210574,0.25,0.75,0.026349973490701912,0.0006946616112382851,0.6946616112382851,P6_3/mmc,194,8,LiEr3
Ho,164.93033,216.0,1.23,6.022,,156.0,18.495497010934436,24.660662681245917,0.75,0.25,0.07398198804373775,0.0008013787432899311,0.8013787432899311,P6_3/mmc,194,8,Li3Ho
In,114.818,193.0,1.78,5.786,0.3,65.0,17.825645990298376,21.939256603444154,0.8125,0.1875,0.095070111948258,0.000988500082294298,0.9885000822942979,Fd-3m,227,32,Li13In3
Pt,195.08,209.0,2.28,9.0,2.128,48.0,13.194852167782773,17.593136223710363,0.75,0.25,0.052779408671131095,0.0009701932413247934,0.9701932413247935,Fm-3m,225,4,Li3Pt
Mg,24.305,173.0,1.31,7.646,,71.2,16.65918482361257,49.97755447083771,0.3333333333333333,0.6666666666666666,0.024988777235418855,0.0007860455163062817,0.7860455163062816,Cmcm,63,6,LiMg2
Ce,140.116,235.0,1.12,5.539,0.5,205.0,12.910891392535001,17.214521856713336,0.75,0.25,0.05164356557014001,0.0005009717637229524,0.5009717637229524,Fm-3m,225,4,Li3Ce
O,15.999,152.0,3.44,13.618,1.461,5.3,9.517318787581816,14.275978181372723,0.6666666666666666,0.3333333333333333,0.028551956362745448,0.0011331783274980002,1.133178327498,Fm-3m,225,3,Li2O
Dy,162.5,229.0,1.22,5.939,,163.0,30.45710824069154,121.82843296276616,0.25,0.75,0.040609477654255384,0.0010483538177665903,1.0483538177665903,Pm-3m,221,4,LiDy3
Sn,118.71,217.0,1.96,7.344,1.2,53.0,12.070798459750472,15.51959801967918,0.7777777777777778,0.2222222222222222,0.054318593068877125,0.0006878653013691768,0.6878653013691768,Cmmm,65,18,Li7Sn2
Ca,40.08,231.0,1.0,6.113,,160.8,16.313801394534785,65.25520557813914,0.25,0.75,0.021751735192713048,0.0004216180061808395,0.4216180061808395,P6_3/mmc,194,8,LiCa3
S,32.07,180.0,2.58,10.36,2.077,19.4,0.42850119929890507,2.142505996494525,0.2,0.8,0.0005356264991236313,2.2409637422528688e-06,0.002240963742252869,P1,1,10,LiS4
Nb,92.90637,207.0,1.6,6.759,0.893,98.0,19.700427379554373,26.2672365060725,0.75,0.25,0.0788017095182175,0.0012200397819893101,1.22003978198931,P6_3/mmc,194,8,Li3Nb
Cl,35.45,175.0,3.16,12.968,3.617,14.6,6.963457131408576,13.926914262817151,0.5,0.5,0.01392691426281715,0.0004238728156252423,0.4238728156252423,Fm-3m,225,8,LiCl
O,15.999,152.0,3.44,13.618,1.461,5.3,0.7772652430849001,6.995387187764101,0.1111111111111111,0.8888888888888888,0.0008744233984705126,5.9398093277823795e-05,0.0593980932778238,P1,1,9,LiO8
Be,9.012183,153.0,1.57,9.323,,37.74,16.26151217246756,21.68201622995675,0.75,0.25,0.06504604868987025,0.001094167252663825,1.094167252663825,P6_3/mmc,194,8,Li3Be
Hg,200.59,209.0,2.0,10.438,,33.0,13.026191390203325,17.368255186937766,0.75,0.25,0.052104765560813296,0.000767276118965544,0.767276118965544,I4/mmm,139,4,Li3Hg
N,14.007,155.0,3.04,14.534,,7.4,2.7373421707566505,10.949368683026602,0.25,0.75,0.003649789561008867,0.0002601559716219569,0.2601559716219569,C2/m,12,4,LiN3
Tb,158.92535,221.0,,5.864,,170.0,28.68064331467856,114.72257325871423,0.25,0.75,0.03824085775290475,0.0009794003282646985,0.9794003282646985,Pm-3m,221,4,LiTb3
Sr,87.62,249.0,0.95,5.695,,197.2,17.732722503613438,70.93089001445375,0.25,0.75,0.02364363000481792,0.00037109108737420015,0.37109108737420016,I4/mmm,139,4,Sr3Li
Si,28.085,210.0,1.9,8.152,1.385,37.3,7.509397114777687,15.018794229555374,0.5,0.5,0.015018794229555373,0.00048464015335238504,0.48464015335238503,P-1,2,16,LiSi
Ni,58.693,163.0,1.91,7.64,1.156,49.0,2.1323079656081005,2.8430772874774672,0.75,0.25,0.008529231862432402,0.00015513006185594535,0.15513006185594536,I4/mmm,139,4,Li3Ni
Ge,72.63,211.0,2.01,7.9,1.35,40.0,12.770134151921168,16.418743909612928,0.7777777777777778,0.2222222222222222,0.057465603683645256,0.000865686782431934,0.865686782431934,Cmmm,65,18,Li7Ge2
Mg,24.305,173.0,1.31,7.646,,71.2,14.538195475906685,43.61458642772005,0.3333333333333333,0.6666666666666666,0.021807293213860025,0.0006665428220187521,0.6665428220187521,P-3m1,164,6,LiMg2
Si,28.085,210.0,1.9,8.152,1.385,37.3,0.5700984298589999,1.1401968597179999,0.5,0.5,0.001140196859718,2.333792196264019e-05,0.02333792196264019,I4_1/a,88,16,LiSi
Au,196.96657,166.0,2.54,9.226,2.309,36.06,8.695421511430276,17.39084302286055,0.5,0.5,0.01739084302286055,0.0005929244970139309,0.5929244970139309,Pm-3m,221,2,LiAu
Cd,112.41,158.0,1.69,8.994,,46.0,15.468942210151514,20.62525628020202,0.75,0.25,0.061875768840606055,0.0008560629090444348,0.8560629090444347,Fm-3m,225,4,Li3Cd
Cd,112.41,158.0,1.69,8.994,,46.0,8.76737138176956,35.06948552707824,0.25,0.75,0.01168982850902608,0.000447428475928702,0.447428475928702,Fm-3m,225,4,LiCd3
Br,79.9,183.0,2.96,11.814,3.365,21.0,6.728260554153546,13.456521108307092,0.5,0.5,0.013456521108307092,0.00033335573857309366,0.33335573857309364,Fm-3m,225,2,LiBr
In,114.818,193.0,1.78,5.786,0.3,65.0,15.8885857309179,23.832878596376847,0.6666666666666666,0.3333333333333333,0.0476657571927537,0.0008629897598199533,0.8629897598199533,Cmcm,63,6,Li2In
Mg,24.305,173.0,1.31,7.646,,71.2,13.220937009519716,79.3256220571183,0.16666666666666666,0.8333333333333334,0.01586512441142366,0.0006033277529018207,0.6033277529018207,Amm2,38,6,LiMg5
Al,26.981538,184.0,1.61,5.986,0.441,57.8,2.7722314225559885,5.148429784746836,0.5384615384615384,0.46153846153846156,0.006006501415537976,4.922756457696319e-06,0.004922756457696319,Cmmm,65,13,Li7Al6
Pt,195.08,209.0,2.28,9.0,2.128,48.0,7.343680235240652,58.749441881925215,0.125,0.875,0.008392777411703602,0.0004951573811869568,0.49515738118695674,Fm-3m,225,8,LiPt7
B,10.81,192.0,2.04,8.298,0.277,20.5,5.13171634671625,61.580596160595,0.08333333333333333,0.9166666666666666,0.005598236014599545,0.0007449310361954628,0.7449310361954627,I-4m2,119,12,LiB11
Ho,164.93033,216.0,1.23,6.022,,156.0,16.820604441790497,67.28241776716199,0.25,0.75,0.022427472589053993,0.000580051337063695,0.580051337063695,P6_3/mmc,194,8,LiHo3
In,114.818,193.0,1.78,5.786,0.3,65.0,14.111201085974603,28.222402171949206,0.5,0.5,0.028222402171949205,0.0007133263117279334,0.7133263117279334,Fd-3m,227,4,LiIn
Mg,24.305,173.0,1.31,7.646,,71.2,15.264550439035308,30.529100878070615,0.5,0.5,0.030529100878070616,0.000748227249933052,0.748227249933052,Amm2,38,6,LiMg
Ca,40.08,231.0,1.0,6.113,,160.8,20.655197499124373,27.540263332165832,0.75,0.25,0.0826207899964975,0.0007728898867858424,0.7728898867858424,Fm-3m,225,4,Li3Ca
S,32.07,180.0,2.58,10.36,2.077,19.4,0.42850119929890507,2.142505996494525,0.2,0.8,0.0005356264991236313,2.2409637422528688e-06,0.002240963742252869,P1,1,10,LiS4
Ge,72.63,211.0,2.01,7.9,1.35,40.0,10.151166014746012,15.688165659152931,0.6470588235294118,0.35294117647058826,0.028761637041780374,0.0006200753492187874,0.6200753492187875,Cmcm,63,34,Li11Ge6
O,15.999,152.0,3.44,13.618,1.461,5.3,9.505084007598333,14.257626011397498,0.6666666666666666,0.3333333333333333,0.028515252022794996,0.0009902003649908647,0.9902003649908647,P1,1,102,Li2O
Mg,24.305,173.0,1.31,7.646,,71.2,16.237858305259184,48.71357491577755,0.3333333333333333,0.6666666666666666,0.024356787457888773,0.0007602092235993833,0.7602092235993834,P-62m,189,6,LiMg2
F,18.99840316,135.0,3.98,17.423,3.339,3.74,3.376121452533575,13.5044858101343,0.25,0.75,0.004501495270044766,0.0003433448517952512,0.3433448517952512,P6_3/mmc,194,8,LiF3
Ac,227.02775,260.0,1.1,5.17,,282.0,15.467269695351362,20.62302626046848,0.75,0.25,0.06186907878140545,0.0005497534255226988,0.5497534255226988,I4/mmm,139,4,Li3Ac
Sr,87.62,249.0,0.95,5.695,,197.2,19.335571344043913,24.379633433794503,0.7931034482758621,0.20689655172413793,0.09345526149621225,0.000685507401213765,0.6855074012137651,Fm-3m,225,29,Sr6Li23
Ca,40.08,231.0,1.0,6.113,,160.8,19.29741539136075,28.946123087041126,0.6666666666666666,0.3333333333333333,0.05789224617408225,0.0006845474004096806,0.6845474004096807,P6_3/mmc,194,12,Li2Ca
Sb,121.76,206.0,2.05,8.64,1.07,43.0,5.112642711190537,20.450570844762147,0.25,0.75,0.006816856948254049,0.0001993809526538335,0.19938095265383352,Pm-3m,221,4,LiSb3
La,138.9055,240.0,1.1,5.577,0.5,215.0,20.83796558430681,83.35186233722725,0.25,0.75,0.02778395411240908,0.0006489129674625879,0.6489129674625879,P6_3/mmc,194,8,LiLa3
Ag,107.868,172.0,1.93,7.576,1.302,55.0,14.062171593762278,18.749562125016368,0.75,0.25,0.05624868637504911,0.0008616868333232555,0.8616868333232556,I4/mmm,139,4,Li3Ag
K,39.0983,275.0,0.82,4.341,0.501,289.7,1.9912838244430497,7.965135297772199,0.25,0.75,0.0026550450992573996,3.3661428904199085e-05,0.033661428904199084,Pm-3m,221,4,K3Li
Mg,24.305,173.0,1.31,7.646,,71.2,13.034458751125282,52.13783500450113,0.25,0.75,0.01737927833483371,0.0006166038575049041,0.6166038575049041,Fm-3m,225,16,LiMg3
Zn,65.4,139.0,1.65,9.394,,38.67,15.169746945132886,20.226329260177184,0.75,0.25,0.060678987780531546,0.0009507488920881042,0.9507488920881042,Fm-3m,225,4,Li3Zn
Ga,69.723,187.0,1.81,5.999,0.3,50.0,3.947385620363667,7.1052941166546,0.5555555555555556,0.4444444444444444,0.008881617645818251,0.0002681698270099424,0.2681698270099424,P-3m1,164,9,Li5Ga4
Ag,107.868,172.0,1.93,7.576,1.302,55.0,9.729184781942912,38.91673912777165,0.25,0.75,0.012972246375923882,0.0005879491754914832,0.5879491754914832,Pm-3m,221,4,LiAg3
Mg,24.305,173.0,1.31,7.646,,71.2,16.591063253382888,33.182126506765776,0.5,0.5,0.033182126506765774,0.0007700683261669712,0.7700683261669712,P-3m1,164,4,LiMg
Sn,118.71,217.0,1.96,7.344,1.2,53.0,1.6404817564149288,3.2809635128298575,0.5,0.5,0.0032809635128298576,7.822292169493555e-05,0.07822292169493555,C2/c,15,12,LiSn
B,10.81,192.0,2.04,8.298,0.277,20.5,5.296505289256209,63.55806347107451,0.08333333333333333,0.9166666666666666,0.005778005770097683,0.0007626699077725905,0.7626699077725905,I-4m2,119,12,LiB11
Yb,173.05,242.0,,6.254,,139.0,26.42850201851875,105.714008074075,0.25,0.75,0.03523800269135833,0.0009448063087981601,0.9448063087981601,I4/mmm,139,4,LiYb3
Mg,24.305,173.0,1.31,7.646,,71.2,15.601807237235748,46.80542171170725,0.3333333333333333,0.6666666666666666,0.023402710855853624,0.0007276838629126272,0.7276838629126272,P-6m2,187,6,LiMg2
Mg,24.305,173.0,1.31,7.646,,71.2,18.217963866316126,24.2906184884215,0.75,0.25,0.0728718554652645,0.0009144571324447159,0.9144571324447159,I4/mmm,139,4,Li3Mg
Mg,24.305,173.0,1.31,7.646,,71.2,17.734776118430762,21.281731342116913,0.8333333333333334,0.16666666666666666,0.10640865671058457,0.0008686539165970917,0.8686539165970917,Amm2,38,6,Li5Mg
N,14.007,155.0,3.04,14.534,,7.4,10.151536675364051,15.227305013046074,0.6666666666666666,0.3333333333333333,0.03045461002609215,0.0010711412584620283,1.0711412584620283,Fm-3m,225,3,Li2N
Pt,195.08,209.0,2.28,9.0,2.128,48.0,9.88730156166715,12.359126952083937,0.8,0.2,0.04943650780833575,0.00045157663628200465,0.4515766362820047,Fd-3m,227,10,Li4Pt
Cr,51.996,189.0,1.66,6.767,0.666,83.0,1.4992341325515872,1.998978843402116,0.75,0.25,0.005996936530206349,8.224613891340053e-05,0.08224613891340053,Pm-3m,221,4,Li3Cr
Th,232.038,237.0,1.3,6.08,,240.0,15.954078039960736,21.27210405328098,0.75,0.25,0.06381631215984294,0.0006985605334488109,0.698560533448811,Fm-3m,225,4,Li3Th
Rh,102.9055,195.0,2.28,7.459,1.137,66.0,16.699025016996824,33.39805003399365,0.5,0.5,0.03339805003399365,0.001267062462503549,1.267062462503549,P-6m2,187,2,LiRh
Ga,69.723,187.0,1.81,5.999,0.3,50.0,6.936488866286529,39.30677024229034,0.17647058823529413,0.8235294117647058,0.008422879337633643,0.0003516837229634169,0.3516837229634169,R3m,160,17,Li3Ga14
Bi,208.9804,207.0,2.02,7.289,0.946,53.0,10.853074003687114,14.470765338249485,0.75,0.25,0.043412296014748455,0.0005084358462874856,0.5084358462874856,P6_3/mmc,194,8,Li3Bi
O,15.999,152.0,3.44,13.618,1.461,5.3,1.0620963944122999,2.1241927888245997,0.5,0.5,0.0021241927888246,0.00012991430160302786,0.12991430160302786,Pm-3m,221,2,Li2O2
Y,88.90584,219.0,1.22,6.217,0.307,162.0,24.293211526290335,97.17284610516134,0.25,0.75,0.03239094870172045,0.0008191634188120186,0.8191634188120186,Fm-3m,225,4,LiY3
O,15.999,152.0,3.44,13.618,1.461,5.3,0.8869820085797668,2.6609460257393005,0.3333333333333333,0.6666666666666666,0.0013304730128696502,0.00010700026742047912,0.10700026742047912,Fm-3m,225,3,LiO2
Pt,195.08,209.0,2.28,9.0,2.128,48.0,10.832018346831724,32.49605504049517,0.3333333333333333,0.6666666666666666,0.016248027520247586,0.0006474764351677253,0.6474764351677254,Fd-3m,227,6,LiPt2
Ag,107.868,172.0,1.93,7.576,1.302,55.0,13.51600528784069,18.021340383787585,0.75,0.25,0.05406402115136276,0.0008172516171396446,0.8172516171396446,P6_3/mmc,194,8,Li3Ag
N,14.007,155.0,3.04,14.534,,7.4,5.630178644384968,11.260357288769937,0.5,0.5,0.011260357288769937,0.0004376591627648582,0.4376591627648582,I-42m,121,8,LiN
Be,9.012183,153.0,1.57,9.323,,37.74,16.477627548418,32.955255096836,0.5,0.5,0.032955255096836,0.0014834442452916097,1.4834442452916097,Pm-3m,221,2,LiBe
O,15.999,152.0,3.44,13.618,1.461,5.3,0.8161283721689168,7.34515534952025,0.1111111111111111,0.8888888888888888,0.0009181444186900313,6.509824881106632e-05,0.06509824881106632,P1,1,9,LiO8
W,183.84,210.0,2.36,7.98,0.815,68.0,1.0243872357269994,1.3658496476359991,0.75,0.25,0.004097548942907998,7.11192655927002e-05,0.0711192655927002,P6_3/mmc,194,8,Li3W
Tb,158.92535,221.0,,5.864,,170.0,3.8776869186800003,5.170249224906667,0.75,0.25,0.01551074767472,0.00016405925865423367,0.16405925865423368,P6_3/mmc,194,8,Li3Tb
Te,127.6,206.0,2.1,9.01,1.971,38.0,13.586722332615677,18.115629776820903,0.75,0.25,0.05434688933046271,0.0007087114981945729,0.7087114981945729,P6_3/mmc,194,8,Li3Te
Gd,157.25,237.0,1.2,6.15,,158.0,19.03776881291101,25.383691750548017,0.75,0.25,0.07615107525164405,0.0008468277920693581,0.8468277920693581,P6_3/mmc,194,8,Li3Gd
Sn,118.71,217.0,1.96,7.344,1.2,53.0,2.4927406081248495,9.970962432499398,0.25,0.75,0.003323654144166466,0.0001015008710190269,0.1015008710190269,I4/mmm,139,4,LiSn3
Si,28.085,210.0,1.9,8.152,1.385,37.3,1.8855886678763065,7.542354671505226,0.25,0.75,0.002514118223835075,0.00012893589422477162,0.1289358942247716,P6_3/mmc,194,8,LiSi3
Mg,24.305,173.0,1.31,7.646,,71.2,15.270827171065045,61.08330868426018,0.25,0.75,0.020361102894753392,0.0007082191302779347,0.7082191302779347,P6_3/mmc,194,8,LiMg3
Mn,54.93804,197.0,1.55,7.434,,68.0,3.149004609757725,6.29800921951545,0.5,0.5,0.0062980092195154495,0.00024046000807783225,0.24046000807783224,P-6m2,187,2,LiMn
Al,26.981538,184.0,1.61,5.986,0.441,57.8,10.591060417818584,31.773181253455753,0.3333333333333333,0.6666666666666666,0.015886590626727877,0.0005762537104363331,0.5762537104363331,Fd-3m,227,12,LiAl2
P,30.973762,180.0,2.19,10.487,0.746,25.0,1.5087894660265861,12.07031572821269,0.125,0.875,0.0017243308183160985,7.113957826984059e-05,0.07113957826984059,I4_1/acd,142,64,LiP7
As,74.92159,185.0,2.18,9.815,0.81,30.0,3.3715430803786126,11.238476934595376,0.3,0.7,0.00481649011482659,0.00014609728937649478,0.14609728937649477,Pbca,61,160,Li3As7
Sr,87.62,249.0,0.95,5.695,,197.2,18.141578663381058,72.56631465352423,0.25,0.75,0.024188771551174743,0.0003859448050543684,0.3859448050543684,P6_3/mmc,194,8,Sr3Li
Zn,65.4,139.0,1.65,9.394,,38.67,15.143065068072687,20.190753424096915,0.75,0.25,0.06057226027229075,0.0009480724170908256,0.9480724170908257,I4/mmm,139,4,Li3Zn
Mg,24.305,173.0,1.31,7.646,,71.2,16.443794193198766,20.554742741498462,0.8,0.2,0.08221897096599384,0.0007906529358427275,0.7906529358427276,R-3m,166,5,Li4Mg
Sb,121.76,206.0,2.05,8.64,1.07,43.0,11.596458573771974,15.461944765029301,0.75,0.25,0.0463858342950879,0.0005909850361902632,0.5909850361902632,P6_3/mmc,194,8,Li3Sb
I,126.9045,198.0,2.66,10.451,3.059,32.9,4.735737422616224,9.471474845232448,0.5,0.5,0.009471474845232449,0.00017820246103257775,0.17820246103257775,Fm-3m,225,2,LiI
Ag,107.868,172.0,1.93,7.576,1.302,55.0,9.709873038428237,38.839492153712946,0.25,0.75,0.012946497384570982,0.0005864063285045476,0.5864063285045475,I4/mmm,139,4,LiAg3
Pd,106.42,202.0,2.2,8.337,0.557,26.14,17.48997621750155,23.319968290002063,0.75,0.25,0.0699599048700062,0.0011767024962508579,1.1767024962508579,I4/mmm,139,4,Li3Pd
Mg,24.305,173.0,1.31,7.646,,71.2,16.232283835451113,24.348425753176674,0.6666666666666666,0.3333333333333333,0.04869685150635335,0.000788892368110128,0.788892368110128,R32,155,6,Li2Mg
Ge,72.63,211.0,2.01,7.9,1.35,40.0,1.3657398914888748,2.7314797829777495,0.5,0.5,0.0027314797829777497,8.033810159599887e-05,0.08033810159599887,I4_1/a,88,16,LiGe
Si,28.085,210.0,1.9,8.152,1.385,37.3,0.6762462959074835,1.0143694438612254,0.6666666666666666,0.3333333333333333,0.0020287388877224507,4.052523373100308e-05,0.04052523373100308,R-3m,166,6,Li2Si
Ni,58.693,163.0,1.91,7.64,1.156,49.0,3.1269613039282507,12.507845215713003,0.25,0.75,0.004169281738571001,0.00029807541346762713,0.2980754134676271,I4/mmm,139,4,LiNi3
Mg,24.305,173.0,1.31,7.646,,71.2,15.932020926095133,47.7960627782854,0.3333333333333333,0.6666666666666666,0.0238980313891427,0.0007415294005589962,0.7415294005589962,Amm2,38,6,LiMg2
Ho,164.93033,216.0,1.23,6.022,,156.0,17.937146810640225,71.7485872425609,0.25,0.75,0.0239161957475203,0.0006200682623041154,0.6200682623041154,I4/mmm,139,4,LiHo3
Yb,173.05,242.0,,6.254,,139.0,22.557767083663872,30.0770227782185,0.75,0.25,0.0902310683346555,0.0009986829771490686,0.9986829771490685,P6_3/mmc,194,8,Li3Yb
Mg,24.305,173.0,1.31,7.646,,71.2,15.194491209842067,45.5834736295262,0.3333333333333333,0.6666666666666666,0.0227917368147631,0.0007012972857994424,0.7012972857994424,Cmcm,63,6,LiMg2
Si,28.085,210.0,1.9,8.152,1.385,37.3,1.197946015120837,2.395892030241674,0.5,0.5,0.002395892030241674,7.960358833162019e-05,0.07960358833162019,Fd-3m,227,4,LiSi
Sn,118.71,217.0,1.96,7.344,1.2,53.0,12.310688561912544,15.108572325983578,0.8148148148148148,0.18518518518518517,0.06647771823432774,0.000692932619399482,0.6929326193994819,F-43m,216,108,Li22Sn5
Eu,151.964,233.0,,5.67,,184.0,19.344518960395117,25.792691947193486,0.75,0.25,0.07737807584158046,0.0006912759888389927,0.6912759888389927,P6_3/mmc,194,8,Li3Eu
S,32.07,180.0,2.58,10.36,2.077,19.4,7.274794632308342,10.912191948462512,0.6666666666666666,0.3333333333333333,0.021824383896925023,0.0004593183158705164,0.45931831587051636,P6_3/mmc,194,6,Li2S
N,14.007,155.0,3.04,14.534,,7.4,11.91068551651125,15.880914022015,0.75,0.25,0.047642742066045005,0.0014153461563252319,1.4153461563252319,P6_3/mmc,194,8,Li3N
O,15.999,152.0,3.44,13.618,1.461,5.3,0.8670995731989999,7.803896158790999,0.1111111111111111,0.8888888888888888,0.0009754870198488749,7.771720492438339e-05,0.07771720492438339,C2,5,9,LiO8
Pm,144.91276,236.0,,5.55,,200.0,17.192652809119124,22.9235370788255,0.75,0.25,0.0687706112364765,0.0006956571544347887,0.6956571544347887,P6_3/mmc,194,8,Li3Pm
O,15.999,152.0,3.44,13.618,1.461,5.3,6.58640547496025,13.1728109499205,0.5,0.5,0.0131728109499205,0.0006919140254355078,0.6919140254355078,P6_3/mmc,194,8,Li2O2
Mg,24.305,173.0,1.31,7.646,,71.2,13.22563254821845,79.3537952893107,0.16666666666666666,0.8333333333333334,0.015870759057862137,0.0006036521553923999,0.6036521553923999,Cm,8,6,LiMg5
Cu,63.55,140.0,1.9,7.726,1.228,46.5,17.449007426023623,23.265343234698168,0.75,0.25,0.0697960297040945,0.0011864677380007038,1.1864677380007038,I4/mmm,139,4,Li3Cu
Er,167.26,235.0,1.24,6.108,,150.0,18.466138531709312,24.62151804227908,0.75,0.25,0.07386455412683725,0.0008054392857020925,0.8054392857020926,P6_3/mmc,194,8,Li3Er
S,32.07,180.0,2.58,10.36,2.077,19.4,7.6709509839932,15.3419019679864,0.5,0.5,0.015341901967986401,0.00048414271816403916,0.48414271816403914,Fm-3m,225,2,LiS
Te,127.6,206.0,2.1,9.01,1.971,38.0,9.249914298278465,13.874871447417698,0.6666666666666666,0.3333333333333333,0.027749742894835398,0.0004016297699639786,0.4016297699639786,Fm-3m,225,3,Li2Te
B,10.81,192.0,2.04,8.298,0.277,20.5,1.922022432315625,7.6880897292625,0.25,0.75,0.002562696576420833,0.00020758010908064096,0.20758010908064095,P4/mmm,123,8,LiB3
Al,26.981538,184.0,1.61,5.986,0.441,57.8,15.026043729961822,30.052087459923644,0.5,0.5,0.030052087459923646,0.000949326910386336,0.949326910386336,Fd-3m,227,4,LiAl
Zn,65.4,139.0,1.65,9.394,,38.67,12.116406877474542,36.34922063242363,0.3333333333333333,0.6666666666666666,0.018174610316211814,0.0006798878954521413,0.6798878954521412,Fd-3m,227,12,LiZn2
Mg,24.305,173.0,1.31,7.646,,71.2,16.153864645445324,48.46159393633598,0.3333333333333333,0.6666666666666666,0.02423079696816799,0.0007537327199202068,0.7537327199202069,R32,155,6,LiMg2
Mg,24.305,173.0,1.31,7.646,,71.2,15.1909213083102,30.3818426166204,0.5,0.5,0.0303818426166204,0.0007553845268088662,0.7553845268088661,C2/m,12,4,LiMg
Al,26.981538,184.0,1.61,5.986,0.441,57.8,14.156426614533226,28.31285322906645,0.5,0.5,0.028312853229066452,0.00076134395947102,0.7613439594710201,P6_3/mmc,194,8,LiAl
Al,26.981538,184.0,1.61,5.986,0.441,57.8,18.2875311182473,24.38337482432973,0.75,0.25,0.0731501244729892,0.0010994216749187625,1.0994216749187626,I4/mmm,139,4,Li3Al
Sb,121.76,206.0,2.05,8.64,1.07,43.0,10.201988267131943,15.302982400697918,0.6666666666666666,0.3333333333333333,0.030605964801395835,0.0005234804629297378,0.5234804629297378,P-62c,190,18,Li2Sb
Cd,112.41,158.0,1.69,8.994,,46.0,8.458925608780287,33.83570243512115,0.25,0.75,0.011278567478373717,0.00042005360289157004,0.42005360289157007,P-6m2,187,4,LiCd3
La,138.9055,240.0,1.1,5.577,0.5,215.0,20.79840211675162,83.19360846700648,0.25,0.75,0.027731202822335498,0.0006212705717686763,0.6212705717686763,Pm-3m,221,4,LiLa3
Mg,24.305,173.0,1.31,7.646,,71.2,16.747909933537557,25.12186490030634,0.6666666666666666,0.3333333333333333,0.050243729800612674,0.0008190535147650581,0.819053514765058,Cmcm,63,6,Li2Mg
In,114.818,193.0,1.78,5.786,0.3,65.0,13.795038116424111,24.831068609563403,0.5555555555555556,0.4444444444444444,0.03103883576195425,0.0007196061499948797,0.7196061499948797,P-3m1,164,9,Li5In4
Au,196.96657,166.0,2.54,9.226,2.309,36.06,9.472878446506023,18.945756893012046,0.5,0.5,0.018945756893012047,0.0005872213538954348,0.5872213538954348,R-3m,166,2,LiAu
N,14.007,155.0,3.04,14.534,,7.4,7.585753534483749,10.114338045978332,0.75,0.25,0.030343014137934998,0.0006975825859194106,0.6975825859194106,P6/mmm,191,4,Li3N
In,114.818,193.0,1.78,5.786,0.3,65.0,9.862980508591713,39.45192203436685,0.25,0.75,0.013150640678122284,0.00042873343026609905,0.42873343026609906,I4/mmm,139,4,LiIn3
Mg,24.305,173.0,1.31,7.646,,71.2,15.721097080161808,31.442194160323616,0.5,0.5,0.031442194160323615,0.0007834371718603886,0.7834371718603885,Amm2,38,6,LiMg
O,15.999,152.0,3.44,13.618,1.461,5.3,0.9650896489951055,8.68580684095595,0.1111111111111111,0.8888888888888888,0.0010857258551194937,8.462005541559824e-05,0.08462005541559825,Cm,8,9,LiO8
Np,237.048172,221.0,1.36,6.266,,160.0,11.814926890844875,47.2597075633795,0.25,0.75,0.015753235854459834,0.0007439887954767205,0.7439887954767205,Fm-3m,225,4,LiNp3
B,10.81,192.0,2.04,8.298,0.277,20.5,1.2343646031760005,1.8515469047640005,0.6666666666666666,0.3333333333333333,0.0037030938095280012,0.00013919105478536208,0.1391910547853621,P-3m1,164,3,Li2B
Cd,112.41,158.0,1.69,8.994,,46.0,12.928471613960099,25.856943227920198,0.5,0.5,0.025856943227920197,0.0006987114042821553,0.6987114042821553,Fd-3m,227,4,LiCd
P,30.973762,180.0,2.19,10.487,0.746,25.0,3.202052936301344,12.808211745205377,0.25,0.75,0.004269403915068459,0.00020522773090893596,0.20522773090893595,P6_3/mmc,194,8,LiP3
Au,196.96657,166.0,2.54,9.226,2.309,36.06,13.998298957246863,18.66439860966248,0.75,0.25,0.05599319582898745,0.000897156054958744,0.8971560549587441,I4/mmm,139,4,Li3Au
Tl,204.383,196.0,1.62,6.108,0.2,66.0,16.193141340731398,32.386282681462795,0.5,0.5,0.0323862826814628,0.0007957351185954725,0.7957351185954725,Pm-3m,221,2,LiTl
Sn,118.71,217.0,1.96,7.344,1.2,53.0,10.851495031220276,15.502135758886107,0.7,0.3,0.03617165010406758,0.0006019202666006945,0.6019202666006944,P2_1/m,11,20,Li7Sn3
Pb,207.0,202.0,2.33,7.417,0.36,57.0,11.404693354002832,14.663177169432215,0.7777777777777778,0.2222222222222222,0.05132112009301275,0.0006273354656235593,0.6273354656235592,P-3m1,164,9,Li7Pb2
Mg,24.305,173.0,1.31,7.646,,71.2,15.891238352439649,31.782476704879297,0.5,0.5,0.0317824767048793,0.0007557260703676881,0.7557260703676881,R-3m,166,2,LiMg
O,15.999,152.0,3.44,13.618,1.461,5.3,0.9600302900610418,2.880090870183125,0.3333333333333333,0.6666666666666666,0.0014400454350915626,9.96855808975231e-05,0.0996855808975231,Pnnm,58,6,LiO2
H,1.008,120.0,2.2,13.598,0.754,4.50711,10.541760368954225,21.08352073790845,0.5,0.5,0.02108352073790845,0.00130082892863334,1.3008289286333399,Fm-3m,225,2,LiH
Mg,24.305,173.0,1.31,7.646,,71.2,17.316297928205515,23.08839723760735,0.75,0.25,0.06926519171282206,0.000850961641210872,0.8509616412108719,Pmm2,25,4,Li3Mg
W,183.84,210.0,2.36,7.98,0.815,68.0,3.471146760664812,13.884587042659248,0.25,0.75,0.004628195680886416,0.00022801269560931102,0.22801269560931103,Pm-3m,221,4,LiW3
B,10.81,192.0,2.04,8.298,0.277,20.5,2.5803874980380255,25.803874980380254,0.1,0.9,0.0028670972200422504,0.00036060449981179687,0.3606044998117969,P6_3cm,185,20,LiB9
P,30.973762,180.0,2.19,10.487,0.746,25.0,1.566888629003646,9.401331774021875,0.16666666666666666,0.8333333333333334,0.001880266354804375,8.174713333276115e-05,0.08174713333276115,Pna2_1,33,24,LiP5
Re,186.207,217.0,1.9,7.88,0.15,62.0,4.188087646988274,16.752350587953096,0.25,0.75,0.005584116862651031,0.0002943853074279891,0.2943853074279891,Fm-3m,225,4,LiRe3
Mg,24.305,173.0,1.31,7.646,,71.2,16.03995522111049,48.119865663331474,0.3333333333333333,0.6666666666666666,0.024059932831665735,0.0007495612464503403,0.7495612464503403,Cm,8,6,LiMg2
Mg,24.305,173.0,1.31,7.646,,71.2,17.738661551978264,21.286393862373917,0.8333333333333334,0.16666666666666666,0.10643196931186959,0.0008687523943557109,0.8687523943557109,Cm,8,6,Li5Mg
N,14.007,155.0,3.04,14.534,,7.4,7.36638801780283,12.277313363004716,0.6,0.4,0.018415970044507075,0.0006342833554632719,0.6342833554632719,P-4m2,115,5,Li3N2
B,10.81,192.0,2.04,8.298,0.277,20.5,7.5858053140545,30.343221256218,0.25,0.75,0.010114407085406,0.0008262437366623927,0.8262437366623927,P4/mbm,127,16,LiB3
Pu,244.0642,243.0,1.28,6.06,,145.0,17.418841317845587,23.22512175712745,0.75,0.25,0.06967536527138235,0.0007534947653602336,0.7534947653602336,Fm-3m,225,4,Li3Pu
Ge,72.63,211.0,2.01,7.9,1.35,40.0,12.173486547005414,16.23131539600722,0.75,0.25,0.048693946188021656,0.0008322171903039826,0.8322171903039827,Fm-3m,225,4,Li3Ge
O,15.999,152.0,3.44,13.618,1.461,5.3,0.8155392294303722,7.339853064873349,0.1111111111111111,0.8888888888888888,0.0009174816331091687,5.9505789211167345e-05,0.059505789211167344,Cm,8,9,LiO8
Ga,69.723,187.0,1.81,5.999,0.3,50.0,3.3811252307985837,5.071687846197876,0.6666666666666666,0.3333333333333333,0.010143375692395751,0.000224580387881484,0.22458038788148402,Cmcm,63,6,Li2Ga
Be,9.012183,153.0,1.57,9.323,,37.74,3.6991854186739506,7.398370837347901,0.5,0.5,0.007398370837347901,0.00033178259558643437,0.33178259558643436,P2_1/m,11,4,LiBe
Mg,24.305,173.0,1.31,7.646,,71.2,15.857748167378148,31.715496334756295,0.5,0.5,0.031715496334756295,0.0007785867009219204,0.7785867009219204,C2/m,12,6,LiMg
P,30.973762,180.0,2.19,10.487,0.746,25.0,3.2119816249207,10.706605416402333,0.3,0.7,0.004588545178458143,0.00016409767415395053,0.16409767415395052,P2_12_12_1,19,40,Li3P7
Ag,107.868,172.0,1.93,7.576,1.302,55.0,11.748702206599052,19.581170344331753,0.6,0.4,0.02937175551649763,0.000728951577083893,0.728951577083893,P4/mmm,123,10,Li3Ag2
O,15.999,152.0,3.44,13.618,1.461,5.3,9.150625250787941,13.725937876181913,0.6666666666666666,0.3333333333333333,0.027451875752363825,0.0008946932907852831,0.8946932907852831,P1,1,102,Li2O
F,18.99840316,135.0,3.98,17.423,3.339,3.74,9.462573692848801,18.925147385697603,0.5,0.5,0.018925147385697602,0.001111795282659415,1.111795282659415,Fm-3m,225,2,LiF
Cr,51.996,189.0,1.66,6.767,0.666,83.0,1.6928325907377377,2.25711012098365,0.75,0.25,0.006771330362950951,9.237969344452269e-05,0.09237969344452268,Fm-3m,225,4,Li3Cr
Tl,204.383,196.0,1.62,6.108,0.2,66.0,10.645902484311526,42.5836099372461,0.25,0.75,0.0141945366457487,0.0004107203713429684,0.4107203713429684,Pm-3m,221,4,LiTl3
Pm,144.91276,236.0,,5.55,,200.0,31.451887616180702,125.80755046472281,0.25,0.75,0.041935850154907604,0.001007099575260378,1.007099575260378,Pm-3m,221,4,LiPm3
Mg,24.305,173.0,1.31,7.646,,71.2,10.112954851429793,1516.943227714469,0.006666666666666667,0.9933333333333333,0.010180827031640732,0.0004518013190498735,0.4518013190498735,P-6m2,187,150,LiMg149
Pt,195.08,209.0,2.28,9.0,2.128,48.0,14.011932927714648,18.682577236952863,0.75,0.25,0.05604773171085859,0.0009976002181987644,0.9976002181987643,I4/mmm,139,4,Li3Pt
O,15.999,152.0,3.44,13.618,1.461,5.3,0.7533398201792944,6.7800583816136495,0.1111111111111111,0.8888888888888888,0.0008475072977017062,6.045040750938397e-05,0.06045040750938397,C2/m,12,9,LiO8
