Symbol,AtomicMass,AtomicRadius,Electronegativity,IonizationEnergy,ElectronAffinity,Polarizability,results_per_total,results_per_cation,CationSites,CounterIonSites,results_per_counter_ion,res_per_volm_per_site,Result,SpaceGroup,SpaceGroupNumber,Total Sites,Reduced Formula
Se,78.97,190.0,2.55,9.752,2.021,28.9,4.98155871668983,9.96311743337966,0.5,0.5,0.009963117433379659,0.00024383805515049723,0.24383805515049722,Fm-3m,225,2,MgSe
I,126.9045,198.0,2.66,10.451,3.059,32.9,8.697840042310762,8.7562148076954,0.9933333333333333,0.006666666666666667,1.3046760063466145,0.00038105940660547943,0.38105940660547943,P-6m2,187,150,Mg149I
Te,127.6,206.0,2.1,9.01,1.971,38.0,5.753278182690475,11.50655636538095,0.5,0.5,0.01150655636538095,0.00021804849947413185,0.21804849947413185,P6_3/mmc,194,4,MgTe
Mg,24.305,173.0,1.31,7.646,,71.2,12.806931894871601,25.613863789743203,0.5,0.5,0.025613863789743202,0.00039732412748571047,0.39732412748571044,Amm2,38,12,CaMg
O,15.999,152.0,3.44,13.618,1.461,5.3,2.029394941998042,4.058789883996084,0.5,0.5,0.004058789883996084,0.00012988867028844328,0.12988867028844328,C2/c,15,24,MgO
F,18.99840316,135.0,3.98,17.423,3.339,3.74,0.8014002164890415,2.4042006494671244,0.3333333333333333,0.6666666666666666,0.0012021003247335623,4.432270792728154e-05,0.04432270792728154,C2/m,12,6,MgF2
Tl,204.383,196.0,1.62,6.108,0.2,66.0,8.917895361418099,8.977747008139026,0.9933333333333333,0.006666666666666667,1.337684304212715,0.0003919285964824518,0.3919285964824518,P-6m2,187,150,Mg149Tl
B,10.81,192.0,2.04,8.298,0.277,20.5,5.372787346265224,26.863936731326124,0.2,0.8,0.006715984182831531,0.000605341679003209,0.605341679003209,Pnma,62,20,MgB4
Fe,55.84,194.0,1.83,7.902,0.163,62.0,9.75306584187893,9.81852265960966,0.9933333333333333,0.006666666666666667,1.4629598762818397,0.0004242037246304339,0.4242037246304339,P-6m2,187,150,Mg149Fe
Rh,102.9055,195.0,2.28,7.459,1.137,66.0,10.19707341032567,10.265510144623157,0.9933333333333333,0.006666666666666667,1.5295610115488505,0.00044609914600735365,0.4460991460073537,P-6m2,187,150,Mg149Rh
F,18.99840316,135.0,3.98,17.423,3.339,3.74,0.7688094659777082,2.3064283979331246,0.3333333333333333,0.6666666666666666,0.0011532141989665623,4.163498590471197e-05,0.04163498590471197,Imma,74,6,MgF2
Mg,24.305,173.0,1.31,7.646,,71.2,12.157336574256481,24.314673148512963,0.5,0.5,0.024314673148512964,0.00038634231261483936,0.38634231261483937,Amm2,38,12,CaMg
O,15.999,152.0,3.44,13.618,1.461,5.3,2.7603960962908816,5.520792192581763,0.5,0.5,0.005520792192581763,0.00023234447497847636,0.23234447497847635,P6_3mc,186,8,MgO
Mg,24.305,173.0,1.31,7.646,,71.2,11.812838341223978,23.625676682447956,0.5,0.5,0.023625676682447957,0.00037748857084606794,0.37748857084606796,Amm2,38,12,CaMg
P,30.973762,180.0,2.19,10.487,0.746,25.0,2.2288820069922246,11.144410034961123,0.2,0.8,0.0027861025087402807,0.00011327303274225675,0.11327303274225675,P2_1/c,14,10,MgP4
H,1.008,120.0,2.2,13.598,0.754,4.50711,4.863793996033613,14.591381988100839,0.3333333333333333,0.6666666666666666,0.00729569099405042,0.0005313225121680487,0.5313225121680487,Pa-3,205,12,MgH2
Se,78.97,190.0,2.55,9.752,2.021,28.9,2.8273242703192074,5.654648540638415,0.5,0.5,0.005654648540638415,0.00010803805546148946,0.10803805546148945,F-43m,216,2,MgSe
P,30.973762,180.0,2.19,10.487,0.746,25.0,5.20551904573343,8.675865076222385,0.6,0.4,0.013013797614333576,0.00023807653041332683,0.23807653041332683,Pn-3m,224,10,Mg3P2
Mg,24.305,173.0,1.31,7.646,,71.2,13.091058883016316,39.273176649048956,0.3333333333333333,0.3333333333333333,0.03927317664904895,0.00036884728390313055,0.36884728390313054,Amm2,38,12,Ca2Mg
Mg,24.305,173.0,1.31,7.646,,71.2,7.429554030560189,8.915464836672227,0.8333333333333334,0.8333333333333334,0.008915464836672226,0.0003060649942011518,0.3060649942011518,Amm2,38,12,CeMg5
O,15.999,152.0,3.44,13.618,1.461,5.3,3.6996997760219372,7.3993995520438745,0.5,0.5,0.007399399552043874,0.0003813685151855232,0.38136851518552317,R-3m,166,16,MgO
Bi,208.9804,207.0,2.02,7.289,0.946,53.0,9.56052559759249,9.624690198918614,0.9933333333333333,0.006666666666666667,1.4340788396388735,0.00041401893575237684,0.41401893575237686,P-6m2,187,150,Mg149Bi
Zr,91.22,186.0,1.33,6.634,0.426,112.0,8.852929081291418,8.912344712709482,0.9933333333333333,0.006666666666666667,1.3279393621937126,0.0003878737756150858,0.3878737756150858,P-6m2,187,150,Mg149Zr
Ta,180.9479,217.0,1.5,7.89,0.322,74.0,10.025865015071368,10.093152699736278,0.9933333333333333,0.006666666666666667,1.5038797522607052,0.0004373933109191754,0.4373933109191754,P-6m2,187,150,Mg149Ta
F,18.99840316,135.0,3.98,17.423,3.339,3.74,1.6816203291353085,5.044860987405925,0.3333333333333333,0.6666666666666666,0.0025224304937029626,0.00014838425479421968,0.14838425479421968,Pnnm,58,6,MgF2
O,15.999,152.0,3.44,13.618,1.461,5.3,1.9046992739487498,3.8093985478974997,0.5,0.5,0.0038093985478975,0.00012736110978950086,0.12736110978950085,Pm-3n,223,12,MgO
Cl,35.45,175.0,3.16,12.968,3.617,14.6,1.5095087548744663,4.528526264623399,0.3333333333333333,0.6666666666666666,0.0022642631323116997,5.998530023756859e-05,0.05998530023756859,Pmma,51,6,MgCl2
Mg,24.305,173.0,1.31,7.646,,71.2,9.705692903460918,9.770831782007635,0.9933333333333333,0.9933333333333333,0.009770831782007635,0.00041921241795985875,0.41921241795985875,P-6m2,187,150,DyMg149
Cl,35.45,175.0,3.16,12.968,3.617,14.6,1.4869621118731113,4.4608863356193345,0.3333333333333333,0.6666666666666666,0.002230443167809667,6.41953783555885e-05,0.0641953783555885,R-3m,166,9,MgCl2
Te,127.6,206.0,2.1,9.01,1.971,38.0,2.9983629123186373,5.9967258246372745,0.5,0.5,0.005996725824637275,8.837004154559456e-05,0.08837004154559455,P6_3mc,186,4,MgTe
Mg,24.305,173.0,1.31,7.646,,71.2,14.132765025997761,56.531060103991045,0.25,0.25,0.056531060103991046,0.0006464842770515362,0.6464842770515362,I4/mmm,139,4,Hf3Mg
Mg,24.305,173.0,1.31,7.646,,71.2,9.946148749546255,10.012901425717708,0.9933333333333333,0.9933333333333333,0.010012901425717707,0.0004311787294495854,0.4311787294495854,P-6m2,187,150,TbMg149
C,12.011,170.0,2.55,11.26,1.263,11.3,2.6591523363758496,6.647880840939624,0.4,0.6,0.004431920560626417,0.0002082661782438595,0.2082661782438595,Pnnm,58,10,Mg2C3
H,1.008,120.0,2.2,13.598,0.754,4.50711,5.409652696684363,16.228958090053087,0.3333333333333333,0.6666666666666666,0.008114479045026544,0.0006062371921534326,0.6062371921534326,Pca2_1,29,12,MgH2
S,32.07,180.0,2.58,10.36,2.077,19.4,1.5039580537077335,4.511874161123201,0.3333333333333333,0.6666666666666666,0.0022559370805616003,7.338490357653484e-05,0.07338490357653485,C2/m,12,6,MgS2
Ti,47.867,187.0,1.54,6.828,0.079,100.0,22.05002317436026,88.20009269744104,0.25,0.75,0.029400030899147014,0.0012259749739015014,1.2259749739015013,Pm-3m,221,4,MgTi3
Tc,96.90636,209.0,1.9,7.28,0.55,79.0,10.192355693538577,10.260760765307294,0.9933333333333333,0.006666666666666667,1.5288533540307867,0.0004455215830395953,0.44552158303959527,P-6m2,187,150,Mg149Tc
O,15.999,152.0,3.44,13.618,1.461,5.3,2.9241023090862623,5.848204618172525,0.5,0.5,0.0058482046181725245,0.00024326462420164977,0.24326462420164977,P1,1,80,MgO
Mg,24.305,173.0,1.31,7.646,,71.2,9.450339485975183,9.513764583196496,0.9933333333333333,0.9933333333333333,0.009513764583196496,0.0004063215083049029,0.4063215083049029,P-6m2,187,150,RbMg149
Nb,92.90637,207.0,1.6,6.759,0.893,98.0,8.677161030865745,8.73539701093867,0.9933333333333333,0.006666666666666667,1.3015741546298618,0.00037921751319263227,0.37921751319263225,P-6m2,187,150,Mg149Nb
O,15.999,152.0,3.44,13.618,1.461,5.3,2.832778896462838,5.665557792925676,0.5,0.5,0.0056655577929256755,0.00023998628428318312,0.23998628428318314,P6_3mc,186,4,MgO
Bi,208.9804,207.0,2.02,7.289,0.946,53.0,9.551000209943329,14.326500314914993,0.6666666666666666,0.3333333333333333,0.028653000629829985,0.0003668617110802811,0.3668617110802811,Amm2,38,12,Mg2Bi
Ga,69.723,187.0,1.81,5.999,0.3,50.0,8.997991253813554,9.058380456859283,0.9933333333333333,0.006666666666666667,1.3496986880720332,0.0003967150981299047,0.3967150981299047,P-6m2,187,150,Mg149Ga
B,10.81,192.0,2.04,8.298,0.277,20.5,3.8030385054082343,30.424308043265874,0.125,0.875,0.004346329720466553,0.00048310772355844377,0.4831077235584438,C2/m,12,32,MgB7
Sb,121.76,206.0,2.05,8.64,1.07,43.0,6.235227966121821,10.392046610203034,0.6,0.4,0.015588069915304552,0.00023766077301520886,0.23766077301520885,P-3m1,164,5,Mg3Sb2
Pt,195.08,209.0,2.28,9.0,2.128,48.0,9.886097160287504,9.95244680565856,0.9933333333333333,0.006666666666666667,1.4829145740431255,0.0004311240200322226,0.4311240200322226,P-6m2,187,150,Mg149Pt
Mg,24.305,173.0,1.31,7.646,,71.2,8.565621580402178,8.62310897355924,0.9933333333333333,0.9933333333333333,0.008623108973559241,0.00037230129066353763,0.3723012906635376,P-6m2,187,150,PrMg149
Mg,24.305,173.0,1.31,7.646,,71.2,8.72111612869948,8.779647109429007,0.9933333333333333,0.9933333333333333,0.008779647109429007,0.0003805604514344596,0.3805604514344596,P-6m2,187,150,ThMg149
Cd,112.41,158.0,1.69,8.994,,46.0,10.517562633095972,21.035125266191944,0.5,0.5,0.021035125266191945,0.0004915455839278884,0.4915455839278884,Amm2,38,12,MgCd
Hg,200.59,209.0,2.0,10.438,,33.0,10.219212351139774,10.287797668932656,0.9933333333333333,0.006666666666666667,1.532881852670966,0.0004478804912474328,0.4478804912474328,P-6m2,187,150,Mg149Hg
Br,79.9,183.0,2.96,11.814,3.365,21.0,8.660453653024925,8.718577503045227,0.9933333333333333,0.006666666666666667,1.2990680479537389,0.0003798735764571232,0.3798735764571232,P-6m2,187,150,Mg149Br
Cr,51.996,189.0,1.66,6.767,0.666,83.0,10.004738093991289,10.071883987239554,0.9933333333333333,0.006666666666666667,1.5007107140986935,0.00043711540958935946,0.43711540958935946,P-6m2,187,150,Mg149Cr
F,18.99840316,135.0,3.98,17.423,3.339,3.74,1.3615465821970751,4.084639746591225,0.3333333333333333,0.6666666666666666,0.002042319873295613,0.00012584014957670912,0.1258401495767091,P4_2/mnm,136,6,MgF2
Ru,101.1,207.0,2.2,7.361,1.05,72.0,10.084768367696944,10.152451376876117,0.9933333333333333,0.006666666666666667,1.5127152551545415,0.0004406630255939509,0.4406630255939509,P-6m2,187,150,Mg149Ru
Ge,72.63,211.0,2.01,7.9,1.35,40.0,10.029660716880583,15.044491075320874,0.6666666666666666,0.3333333333333333,0.03008898215064175,0.0004659477731948085,0.4659477731948085,Fm-3m,225,3,Mg2Ge
Se,78.97,190.0,2.55,9.752,2.021,28.9,3.3937266400541883,6.787453280108377,0.5,0.5,0.006787453280108376,0.00012903956484584103,0.12903956484584103,P6_3mc,186,4,MgSe
Mg,24.305,173.0,1.31,7.646,,71.2,5.1333415942156035,10.266683188431207,0.5,0.5,0.010266683188431207,0.00019597906547450108,0.19597906547450109,Amm2,38,12,CeMg
Mn,54.93804,197.0,1.55,7.434,,68.0,8.844948250219648,8.904310319013069,0.9933333333333333,0.006666666666666667,1.3267422375329474,0.0003885866972924987,0.38858669729249873,P-6m2,187,150,Mg149Mn
Br,79.9,183.0,2.96,11.814,3.365,21.0,1.7979117160129463,5.393735148038839,0.3333333333333333,0.6666666666666666,0.0026968675740194196,6.537980442465751e-05,0.06537980442465752,P-3m1,164,3,MgBr2
Sc,44.95591,211.0,1.36,6.561,0.188,97.0,10.223951633410808,10.292568758467258,0.9933333333333333,0.006666666666666667,1.5335927450116213,0.00044690023017057224,0.44690023017057223,P-6m2,187,150,Mg149Sc
Te,127.6,206.0,2.1,9.01,1.971,38.0,3.7593310924320424,11.277993277296128,0.3333333333333333,0.6666666666666666,0.0056389966386480635,0.0001267132918441849,0.1267132918441849,Pa-3,205,12,MgTe2
Mg,24.305,173.0,1.31,7.646,,71.2,10.177842024875575,10.246149689472055,0.9933333333333333,0.9933333333333333,0.010246149689472055,0.0004433219556233546,0.4433219556233546,P-6m2,187,150,ErMg149
P,30.973762,180.0,2.19,10.487,0.746,25.0,9.878338821546144,9.944636397529676,0.9933333333333333,0.006666666666666667,1.4817508232319216,0.0004313763325126365,0.43137633251263646,P-6m2,187,150,Mg149P
O,15.999,152.0,3.44,13.618,1.461,5.3,2.4275527604915204,4.855105520983041,0.5,0.5,0.004855105520983041,0.00017377403397490483,0.17377403397490485,Cm,8,24,MgO
H,1.008,120.0,2.2,13.598,0.754,4.50711,6.377855602644075,19.133566807932226,0.3333333333333333,0.6666666666666666,0.009566783403966113,0.0007733443409803427,0.7733443409803428,Pnma,62,12,MgH2
As,74.92159,185.0,2.18,9.815,0.81,30.0,5.757552815595675,9.595921359326125,0.6,0.4,0.014393882038989187,0.00023931010644758893,0.23931010644758893,Pn-3m,224,10,Mg3As2
Bi,208.9804,207.0,2.02,7.289,0.946,53.0,6.317187080198412,12.634374160396824,0.5,0.5,0.012634374160396825,0.00022429995760522162,0.22429995760522162,Amm2,38,12,MgBi
S,32.07,180.0,2.58,10.36,2.077,19.4,2.7416153061529256,5.483230612305851,0.5,0.5,0.005483230612305851,0.000155197484568087,0.155197484568087,Fm-3m,225,2,MgS
Ti,47.867,187.0,1.54,6.828,0.079,100.0,8.926390419023008,8.986299079553364,0.9933333333333333,0.006666666666666667,1.3389585628534513,0.00039221545338513354,0.39221545338513353,P-6m2,187,150,Mg149Ti
O,15.999,152.0,3.44,13.618,1.461,5.3,5.017820433967476,10.035640867934951,0.5,0.5,0.010035640867934952,0.0005441504092998094,0.5441504092998094,Fm-3m,225,2,MgO
V,50.9415,179.0,1.63,6.746,0.525,87.0,8.801583198701028,8.860654226880229,0.9933333333333333,0.006666666666666667,1.3202374798051542,0.0003862208240875293,0.3862208240875293,P-6m2,187,150,Mg149V
Cl,35.45,175.0,3.16,12.968,3.617,14.6,1.0676938654148085,3.2030815962444255,0.3333333333333333,0.6666666666666666,0.0016015407981222127,4.0291871296069024e-05,0.04029187129606902,Ama2,40,6,MgCl2
Cl,35.45,175.0,3.16,12.968,3.617,14.6,0.3835673719471957,2.68497160363037,0.14285714285714285,0.8571428571428571,0.00044749526727172836,7.041550110761388e-07,0.0007041550110761387,Cmmm,65,7,MgCl6
Mg,24.305,173.0,1.31,7.646,,71.2,9.427060377463437,9.490329239057154,0.9933333333333333,0.9933333333333333,0.009490329239057153,0.00040471606549101333,0.40471606549101335,P-6m2,187,150,AcMg149
Te,127.6,206.0,2.1,9.01,1.971,38.0,2.643116136254042,5.286232272508084,0.5,0.5,0.005286232272508084,7.828934581863265e-05,0.07828934581863264,F-43m,216,2,MgTe
O,15.999,152.0,3.44,13.618,1.461,5.3,4.865547395867272,9.731094791734543,0.5,0.5,0.009731094791734543,0.0005229889441012957,0.5229889441012957,P6_3/mmc,194,24,MgO
Mg,24.305,173.0,1.31,7.646,,71.2,9.634820441111241,9.699483665548229,0.9933333333333333,0.9933333333333333,0.00969948366554823,0.00041619645355682016,0.41619645355682017,P-6m2,187,150,LuMg149
Se,78.97,190.0,2.55,9.752,2.021,28.9,8.665102727439807,8.72325777930182,0.9933333333333333,0.006666666666666667,1.2997654091159712,0.00038043850517968983,0.38043850517968986,P-6m2,187,150,Mg149Se
Mg,24.305,173.0,1.31,7.646,,71.2,9.303036975223126,9.365473464989723,0.9933333333333333,0.9933333333333333,0.009365473464989723,0.0003984819399035531,0.39848193990355313,P-6m2,187,150,BaMg149
Mg,24.305,173.0,1.31,7.646,,71.2,9.496728407367987,9.560464839632202,0.9933333333333333,0.9933333333333333,0.009560464839632202,0.00040812954800522873,0.4081295480052287,P-6m2,187,150,NdMg149
Si,28.085,210.0,1.9,8.152,1.385,37.3,10.190971611674659,10.259367394303347,0.9933333333333333,0.006666666666666667,1.5286457417511987,0.0004471484109703474,0.4471484109703474,P-6m2,187,150,Mg149Si
Cd,112.41,158.0,1.69,8.994,,46.0,9.892474998631192,29.677424995893574,0.3333333333333333,0.6666666666666666,0.014838712497946787,0.0004643957588480948,0.4643957588480948,Amm2,38,12,MgCd2
Mg,24.305,173.0,1.31,7.646,,71.2,5.197053859567314,10.394107719134627,0.5,0.5,0.010394107719134626,0.00020127921786327273,0.20127921786327274,Amm2,38,12,CeMg
Cl,35.45,175.0,3.16,12.968,3.617,14.6,0.8074163850093533,2.42224915502806,0.3333333333333333,0.6666666666666666,0.00121112457751403,2.7638554619229126e-05,0.027638554619229126,P-4m2,115,3,MgCl2
Mg,24.305,173.0,1.31,7.646,,71.2,12.287592981282625,18.431389471923936,0.6666666666666666,0.6666666666666666,0.018431389471923937,0.00041709057180037913,0.4170905718003791,Amm2,38,12,CaMg2
As,74.92159,185.0,2.18,9.815,0.81,30.0,5.624148250201812,9.37358041700302,0.6,0.4,0.014060370625504531,0.00023815627535915968,0.23815627535915967,Ia-3,206,40,Mg3As2
F,18.99840316,135.0,3.98,17.423,3.339,3.74,1.7112053437788546,5.1336160313365635,0.3333333333333333,0.6666666666666666,0.0025668080156682816,0.0001630654922620812,0.1630654922620812,Pa-3,205,12,MgF2
Mg,24.305,173.0,1.31,7.646,,71.2,8.476866126616311,8.53375784558689,0.9933333333333333,0.9933333333333333,0.00853375784558689,0.00036877797668238,0.36877797668238,P-6m2,187,150,YMg149
O,15.999,152.0,3.44,13.618,1.461,5.3,2.848845848652513,5.697691697305026,0.5,0.5,0.005697691697305026,0.0002289915776251642,0.2289915776251642,P1,1,80,MgO
Sn,118.71,217.0,1.96,7.344,1.2,53.0,8.741617574018452,8.800286148340724,0.9933333333333333,0.006666666666666667,1.3112426361027678,0.0003835882017083984,0.38358820170839836,P-6m2,187,150,Mg149Sn
Te,127.6,206.0,2.1,9.01,1.971,38.0,8.86760812480806,8.927122273296703,0.9933333333333333,0.006666666666666667,1.330141218721209,0.0003898822092377515,0.3898822092377515,P-6m2,187,150,Mg149Te
Mg,24.305,173.0,1.31,7.646,,71.2,9.543459964303613,9.607510031178135,0.9933333333333333,0.9933333333333333,0.009607510031178134,0.000411137096291594,0.411137096291594,P-6m2,187,150,HoMg149
Sb,121.76,206.0,2.05,8.64,1.07,43.0,9.584167994506762,9.648491269637681,0.9933333333333333,0.006666666666666667,1.4376251991760145,0.00041572763432987385,0.41572763432987386,P-6m2,187,150,Mg149Sb
O,15.999,152.0,3.44,13.618,1.461,5.3,2.9679812812096067,5.935962562419213,0.5,0.5,0.005935962562419213,0.00025010336570008697,0.25010336570008695,P1,1,80,MgO
Ag,107.868,172.0,1.93,7.576,1.302,55.0,8.851323200236479,8.910728053929342,0.9933333333333333,0.006666666666666667,1.3276984800354719,0.00038937074152852857,0.3893707415285286,P-6m2,187,150,Mg149Ag
Mg,24.305,173.0,1.31,7.646,,71.2,5.1512749734595165,10.302549946919033,0.5,0.5,0.010302549946919032,0.00019528130554019403,0.19528130554019404,Amm2,38,12,CeMg
Cl,35.45,175.0,3.16,12.968,3.617,14.6,0.9066808525689917,2.720042557706975,0.3333333333333333,0.6666666666666666,0.0013600212788534875,1.9225585731619277e-05,0.019225585731619275,P-1,2,6,MgCl2
O,15.999,152.0,3.44,13.618,1.461,5.3,2.176625499596716,6.5298764987901485,0.3333333333333333,0.6666666666666666,0.0032649382493950743,0.0002094948420568801,0.2094948420568801,R-3m,166,3,MgO2
O,15.999,152.0,3.44,13.618,1.461,5.3,2.086039015362625,6.258117046087874,0.3333333333333333,0.6666666666666666,0.0031290585230439373,0.00018200834761769206,0.18200834761769205,P1,1,12,MgO2
Br,79.9,183.0,2.96,11.814,3.365,21.0,0.46107127443787,3.22749892106509,0.14285714285714285,0.8571428571428571,0.0005379164868441817,6.575935042925441e-07,0.0006575935042925441,Cmmm,65,7,MgBr6
O,15.999,152.0,3.44,13.618,1.461,5.3,3.702662787787812,7.405325575575624,0.5,0.5,0.0074053255755756235,0.0003282628013536419,0.3282628013536419,Ibam,72,24,MgO
O,15.999,152.0,3.44,13.618,1.461,5.3,2.7903993758056123,5.5807987516112245,0.5,0.5,0.005580798751611224,0.00022882843106405523,0.22882843106405523,P1,1,80,MgO
O,15.999,152.0,3.44,13.618,1.461,5.3,3.6734281653263126,7.346856330652625,0.5,0.5,0.007346856330652625,0.000320745842236693,0.320745842236693,Ibam,72,16,MgO
S,32.07,180.0,2.58,10.36,2.077,19.4,1.6149701321072,3.2299402642144,0.5,0.5,0.0032299402642144,7.101818421579384e-05,0.07101818421579384,F-43m,216,2,MgS
P,30.973762,180.0,2.19,10.487,0.746,25.0,4.960077918012764,8.26679653002127,0.6,0.4,0.012400194795031908,0.00022902562624244998,0.22902562624245,Ia-3,206,40,Mg3P2
In,114.818,193.0,1.78,5.786,0.3,65.0,9.861909687463422,9.928097000802103,0.9933333333333333,0.006666666666666667,1.4792864531195131,0.0004293450545894539,0.42934505458945393,P-6m2,187,150,Mg149In
Cl,35.45,175.0,3.16,12.968,3.617,14.6,1.479559981842128,4.438679945526384,0.3333333333333333,0.6666666666666666,0.002219339972763192,6.47807918839901e-05,0.06478079188399011,P-3m1,164,3,MgCl2
Mg,24.305,173.0,1.31,7.646,,71.2,8.48268090061427,8.539611644913697,0.9933333333333333,0.9933333333333333,0.008539611644913696,0.00036844603340360885,0.3684460334036089,P-6m2,187,150,PmMg149
Be,9.012183,153.0,1.57,9.323,,37.74,8.874615864785724,8.9341770450863,0.9933333333333333,0.006666666666666667,1.3311923797178586,0.00039098640223840807,0.3909864022384081,P-6m2,187,150,Mg149Be
O,15.999,152.0,3.44,13.618,1.461,5.3,3.219278074425169,6.438556148850338,0.5,0.5,0.006438556148850337,0.0002824773527145892,0.2824773527145892,P1,1,80,MgO
Ni,58.693,163.0,1.91,7.64,1.156,49.0,10.107379461689154,10.175214223176999,0.9933333333333333,0.006666666666666667,1.516106919253373,0.00044253505790661253,0.4425350579066125,P-6m2,187,150,Mg149Ni
O,15.999,152.0,3.44,13.618,1.461,5.3,2.9158351394830833,5.8316702789661665,0.5,0.5,0.005831670278966167,0.0002064003619796535,0.2064003619796535,P6/mcc,192,24,MgO
N,14.007,155.0,3.04,14.534,,7.4,5.993727664149476,9.989546106915792,0.6,0.4,0.01498431916037369,0.0004894566885916559,0.4894566885916559,Ia-3,206,40,Mg3N2
O,15.999,152.0,3.44,13.618,1.461,5.3,2.799890699879725,5.59978139975945,0.5,0.5,0.005599781399759449,0.00023630743912736303,0.23630743912736302,Cm,8,12,MgO
Zn,65.4,139.0,1.65,9.394,,38.67,9.656855083608331,9.72166619155201,0.9933333333333333,0.006666666666666667,1.4485282625412497,0.00042000663850955193,0.42000663850955194,P-6m2,187,150,Mg149Zn
As,74.92159,185.0,2.18,9.815,0.81,30.0,2.6401983556661173,13.200991778330586,0.2,0.8,0.0033002479445826466,0.00011241114109642453,0.11241114109642453,P4_12_12,92,20,MgAs4
Mo,95.95,209.0,2.16,7.092,0.746,87.0,8.83937901503054,8.898703706406582,0.9933333333333333,0.006666666666666667,1.3259068522545807,0.0003879906797736155,0.3879906797736155,P-6m2,187,150,Mg149Mo
Mg,24.305,173.0,1.31,7.646,,71.2,8.541144340182246,8.598467456559307,0.9933333333333333,0.9933333333333333,0.008598467456559308,0.0003729430073663776,0.37294300736637764,P-6m2,187,150,HfMg149
Pd,106.42,202.0,2.2,8.337,0.557,26.14,8.875503086381489,8.935070221189418,0.9933333333333333,0.006666666666666667,1.3313254629572233,0.00039037418654601797,0.39037418654601796,P-6m2,187,150,Mg149Pd
Bi,208.9804,207.0,2.02,7.289,0.946,53.0,4.364214530431975,7.273690884053292,0.6,0.4,0.010910536326079938,0.0001383739422834556,0.1383739422834556,Ia-3,206,40,Mg3Bi2
Bi,208.9804,207.0,2.02,7.289,0.946,53.0,8.298379008381568,16.596758016763136,0.5,0.5,0.016596758016763136,0.0003062601558482785,0.3062601558482785,Amm2,38,12,MgBi
Sb,121.76,206.0,2.05,8.64,1.07,43.0,4.532588334215787,7.554313890359644,0.6,0.4,0.011331470835539467,0.0001539680992228661,0.1539680992228661,Ia-3,206,40,Mg3Sb2
Mg,24.305,173.0,1.31,7.646,,71.2,8.10422269135147,8.158613447669264,0.9933333333333333,0.9933333333333333,0.008158613447669265,0.0003500147408971157,0.3500147408971157,P-6m2,187,150,SmMg149
I,126.9045,198.0,2.66,10.451,3.059,32.9,1.9449615886046767,5.834884765814031,0.3333333333333333,0.6666666666666666,0.0029174423829070152,5.386263033812564e-05,0.05386263033812564,P-3m1,164,3,MgI2
Re,186.207,217.0,1.9,7.88,0.15,62.0,9.779134913065393,9.844766691005427,0.9933333333333333,0.006666666666666667,1.4668702369598088,0.0004255561635600286,0.42555616356002857,P-6m2,187,150,Mg149Re
O,15.999,152.0,3.44,13.618,1.461,5.3,3.0073785052749122,6.0147570105498245,0.5,0.5,0.006014757010549825,0.0002549495180705621,0.2549495180705621,P1,1,80,MgO
Se,78.97,190.0,2.55,9.752,2.021,28.9,3.2763413264577124,9.829023979373137,0.3333333333333333,0.6666666666666666,0.004914511989686569,0.0001458388832554867,0.1458388832554867,Pa-3,205,12,MgSe2
Au,196.96657,166.0,2.54,9.226,2.309,36.06,9.054885369742713,9.115656412492665,0.9933333333333333,0.006666666666666667,1.358232805461407,0.00039967210494077694,0.39967210494077693,P-6m2,187,150,Mg149Au
H,1.008,120.0,2.2,13.598,0.754,4.50711,4.754592292722858,14.263776878168574,0.3333333333333333,0.6666666666666666,0.0071318884390842874,0.0004825130905615978,0.4825130905615978,Pbcn,60,12,MgH2
H,1.008,120.0,2.2,13.598,0.754,4.50711,5.474569129461209,16.423707388383626,0.3333333333333333,0.6666666666666666,0.008211853694191813,0.0006139504826405545,0.6139504826405545,Pbca,61,24,MgH2
O,15.999,152.0,3.44,13.618,1.461,5.3,1.8686087172701167,5.6058261518103505,0.3333333333333333,0.6666666666666666,0.002802913075905175,0.00019917396164345863,0.19917396164345863,Pa-3,205,12,MgO2
O,15.999,152.0,3.44,13.618,1.461,5.3,2.8763215061828995,5.752643012365799,0.5,0.5,0.005752643012365799,0.00023456197953949711,0.23456197953949712,P1,1,80,MgO
O,15.999,152.0,3.44,13.618,1.461,5.3,3.016053669115831,6.032107338231662,0.5,0.5,0.006032107338231662,0.0002462279785680362,0.2462279785680362,P1,1,80,MgO
Te,127.6,206.0,2.1,9.01,1.971,38.0,5.561307574198574,11.122615148397148,0.5,0.5,0.01112261514839715,0.00021176649719624235,0.21176649719624235,Fm-3m,225,2,MgTe
Al,26.981538,184.0,1.61,5.986,0.441,57.8,10.262632783741765,10.331509513833993,0.9933333333333333,0.006666666666666667,1.5393949175612647,0.00045039222979575283,0.45039222979575283,P-6m2,187,150,Mg149Al
Mg,24.305,173.0,1.31,7.646,,71.2,5.404691914994199,10.809383829988398,0.5,0.5,0.010809383829988398,0.00020591047788565673,0.20591047788565672,Amm2,38,12,CeMg
C,12.011,170.0,2.55,11.26,1.263,11.3,0.21836616760966682,0.6550985028290004,0.3333333333333333,0.6666666666666666,0.0003275492514145002,1.6831563125519246e-05,0.016831563125519245,P4_2/mnm,136,6,MgC2
H,1.008,120.0,2.2,13.598,0.754,4.50711,4.36129773252335,13.083893197570049,0.3333333333333333,0.6666666666666666,0.006541946598785025,0.00043632755253739764,0.43632755253739763,P4_2/mnm,136,6,MgH2
Pb,207.0,202.0,2.33,7.417,0.36,57.0,8.690852085483415,8.749179951828943,0.9933333333333333,0.006666666666666667,1.3036278128225125,0.00038080959698597256,0.38080959698597255,P-6m2,187,150,Mg149Pb
Bi,208.9804,207.0,2.02,7.289,0.946,53.0,6.57298804922965,13.1459760984593,0.5,0.5,0.0131459760984593,0.00023538070548938792,0.23538070548938791,Amm2,38,12,MgBi
O,15.999,152.0,3.44,13.618,1.461,5.3,4.980865962779875,9.96173192555975,0.5,0.5,0.00996173192555975,0.000528468467912202,0.5284684679122019,Pm-3m,221,2,MgO
Bi,208.9804,207.0,2.02,7.289,0.946,53.0,7.154764162595264,14.309528325190527,0.5,0.5,0.014309528325190527,0.00025513166486932064,0.25513166486932065,Amm2,38,12,MgBi
Mg,24.305,173.0,1.31,7.646,,71.2,10.893324967843757,13.071989961412507,0.8333333333333334,0.8333333333333334,0.013071989961412508,0.00042065522441126375,0.42065522441126374,Amm2,38,12,CaMg5
Mg,24.305,173.0,1.31,7.646,,71.2,10.112954851429793,10.180827031640732,0.9933333333333333,0.9933333333333333,0.010180827031640732,0.0004518013190498735,0.4518013190498735,P-6m2,187,150,LiMg149
Si,28.085,210.0,1.9,8.152,1.385,37.3,9.519973237461134,14.279959856191699,0.6666666666666666,0.3333333333333333,0.0285599197123834,0.0004483570855740342,0.4483570855740342,Fm-3m,225,3,Mg2Si
Mg,24.305,173.0,1.31,7.646,,71.2,8.141518359462514,8.196159422277699,0.9933333333333333,0.9933333333333333,0.008196159422277699,0.00035190925933393754,0.3519092593339375,P-6m2,187,150,EuMg149
O,15.999,152.0,3.44,13.618,1.461,5.3,4.27980460431145,8.5596092086229,0.5,0.5,0.0085596092086229,0.0004272978405183424,0.4272978405183424,P-6m2,187,2,MgO
Mg,24.305,173.0,1.31,7.646,,71.2,12.752941498860633,25.505882997721265,0.5,0.5,0.025505882997721264,0.0004070897377442782,0.4070897377442782,Amm2,38,12,CaMg
