Symbol,AtomicMass,AtomicRadius,Electronegativity,IonizationEnergy,ElectronAffinity,Polarizability,results_per_total,results_per_zn,ZnSites,CounterIonSites,results_per_counter_ion,res_per_volm_per_site,Result,SpaceGroup,SpaceGroupNumber,Total Sites,Reduced Formula
Ba,137.33,268.0,0.89,5.212,,272.0,12.687327793330534,38.0619833799916,0.3333333333333333,0.3333333333333333,0.0380619833799916,0.000290050311892622,0.290050311892622,I4/mmm,139,3,Ba2Zn
Ba,137.33,268.0,0.89,5.212,,272.0,8.222696998784803,8.855212152537481,0.9285714285714286,0.9285714285714286,0.00885521215253748,0.0005057983683993706,0.5057983683993706,Fm-3c,226,28,BaZn13
Ba,137.33,268.0,0.89,5.212,,272.0,11.320006897382141,16.98001034607321,0.6666666666666666,0.6666666666666666,0.016980010346073212,0.00043466212807307287,0.43466212807307286,C2/c,15,6,BaZn2
Ba,137.33,268.0,0.89,5.212,,272.0,9.283639459045917,11.140367350855103,0.8333333333333334,0.8333333333333334,0.011140367350855102,0.00046920650290055996,0.46920650290056,Cmcm,63,12,BaZn5
Ca,40.08,231.0,1.0,6.113,,160.8,10.971699038503905,29.25786410267708,0.375,0.375,0.02925786410267708,0.0003720911037270985,0.37209110372709847,I4/mcm,140,16,Ca5Zn3
Ca,40.08,231.0,1.0,6.113,,160.8,11.623928398812621,12.680649162341044,0.9166666666666666,0.9166666666666666,0.012680649162341044,0.000748994627020413,0.748994627020413,C2/m,12,24,CaZn11
Ca,40.08,231.0,1.0,6.113,,160.8,8.338780659570451,12.508170989355676,0.6666666666666666,0.6666666666666666,0.012508170989355676,0.0004031227320844647,0.40312273208446475,Imma,74,6,CaZn2
Ca,40.08,231.0,1.0,6.113,,160.8,9.078331953954418,10.8939983447453,0.8333333333333334,0.8333333333333334,0.0108939983447453,0.0005324151367135577,0.5324151367135578,P6/mmm,191,6,CaZn5
Ca,40.08,231.0,1.0,6.113,,160.8,11.78620921516396,23.57241843032792,0.5,0.5,0.02357241843032792,0.0004500181425056665,0.4500181425056665,Cmcm,63,4,CaZn
Ce,140.116,235.0,1.12,5.539,0.5,205.0,9.733952872600844,10.879123798789179,0.8947368421052632,0.8947368421052632,0.010879123798789178,0.0006104681552733759,0.610468155273376,R-3m,166,19,Ce2Zn17
Ce,140.116,235.0,1.12,5.539,0.5,205.0,8.026319355352136,10.215315543175445,0.7857142857142857,0.7857142857142857,0.010215315543175445,0.0004335355975844156,0.43353559758441557,Immm,71,14,Ce3Zn11
Ce,140.116,235.0,1.12,5.539,0.5,205.0,10.111730958869583,11.490603362351798,0.88,0.88,0.011490603362351798,0.0006024009874204138,0.6024009874204138,I4_1/amd,141,50,Ce3Zn22
Ce,140.116,235.0,1.12,5.539,0.5,205.0,9.939915092440668,10.843543737208,0.9166666666666666,0.9166666666666666,0.010843543737208,0.0006375533659859775,0.6375533659859776,I4_1/amd,141,24,CeZn11
Ce,140.116,235.0,1.12,5.539,0.5,205.0,6.415838178969885,9.623757268454828,0.6666666666666666,0.6666666666666666,0.009623757268454828,0.00030058280887540294,0.30058280887540295,P-1,2,6,CeZn2
Ce,140.116,235.0,1.12,5.539,0.5,205.0,5.168720459377781,6.8916272791703745,0.75,0.75,0.006891627279170374,0.00027856571041782275,0.27856571041782274,Pnma,62,16,CeZn3
Dy,162.5,229.0,1.22,5.939,,163.0,13.723397000008815,15.337914294127497,0.8947368421052632,0.8947368421052632,0.015337914294127498,0.0008896486754507665,0.8896486754507665,R-3m,166,19,Dy2Zn17
Dy,162.5,229.0,1.22,5.939,,163.0,13.427588768554072,17.089658432705182,0.7857142857142857,0.7857142857142857,0.01708965843270518,0.0007751264014217554,0.7751264014217555,Immm,71,14,Dy3Zn11
Dy,162.5,229.0,1.22,5.939,,163.0,12.907390221268003,13.983006073040334,0.9230769230769231,0.9230769230769231,0.013983006073040335,0.0008558921388163526,0.8558921388163526,I4/mmm,139,13,DyZn12
Dy,162.5,229.0,1.22,5.939,,163.0,13.730584474114076,20.595876711171115,0.6666666666666666,0.6666666666666666,0.020595876711171114,0.0007030253699052433,0.7030253699052433,Imma,74,6,DyZn2
Dy,162.5,229.0,1.22,5.939,,163.0,15.066880825873593,20.089174434498123,0.75,0.75,0.020089174434498123,0.0008417903173153644,0.8417903173153645,Pnma,62,16,DyZn3
Dy,162.5,229.0,1.22,5.939,,163.0,10.916287915228201,13.099545498273839,0.8333333333333334,0.8333333333333334,0.01309954549827384,0.0006624288451896999,0.6624288451896999,P6/mmm,191,6,DyZn5
Dy,162.5,229.0,1.22,5.939,,163.0,19.7299124629135,39.459824925827,0.5,0.5,0.039459824925827,0.0008857354451590461,0.8857354451590461,Pm-3m,221,2,DyZn
Er,167.26,235.0,1.24,6.108,,150.0,13.858821732289183,15.489271347852617,0.8947368421052632,0.8947368421052632,0.015489271347852617,0.0009049192448783029,0.9049192448783029,R-3m,166,19,Er2Zn17
Er,167.26,235.0,1.24,6.108,,150.0,13.034874036062575,14.12111353906779,0.9230769230769231,0.9230769230769231,0.01412111353906779,0.0008693897270091,0.8693897270091,I4/mmm,139,13,ErZn12
Er,167.26,235.0,1.24,6.108,,150.0,16.168892530722335,24.253338796083504,0.6666666666666666,0.6666666666666666,0.024253338796083504,0.0008475724848183884,0.8475724848183884,Imma,74,6,ErZn2
Er,167.26,235.0,1.24,6.108,,150.0,15.48650456618906,20.64867275491875,0.75,0.75,0.02064867275491875,0.000882384848645036,0.8823848486450361,Pnma,62,16,ErZn3
Er,167.26,235.0,1.24,6.108,,150.0,20.874456946643775,41.74891389328755,0.5,0.5,0.041748913893287554,0.0009671730632444552,0.9671730632444553,Pm-3m,221,2,ErZn
Eu,151.964,233.0,,5.67,,184.0,12.840450959663729,14.007764683269523,0.9166666666666666,0.9166666666666666,0.014007764683269523,0.0008193712398625743,0.8193712398625743,C2/m,12,24,EuZn11
Eu,151.964,233.0,,5.67,,184.0,16.544123696148244,24.816185544222368,0.6666666666666666,0.6666666666666666,0.024816185544222366,0.0007609888048209156,0.7609888048209156,Imma,74,6,EuZn2
Eu,151.964,233.0,,5.67,,184.0,10.46836877886203,12.562042534634438,0.8333333333333334,0.8333333333333334,0.012562042534634438,0.0005944561699768214,0.5944561699768214,P6/mmm,191,6,EuZn5
Eu,151.964,233.0,,5.67,,184.0,18.340400486500375,36.68080097300075,0.5,0.5,0.03668080097300075,0.0007004972095148529,0.7004972095148528,Pm-3m,221,2,EuZn
Gd,157.25,237.0,1.2,6.15,,158.0,8.622507522891816,9.636920172643796,0.8947368421052632,0.8947368421052632,0.009636920172643795,0.000552483386324196,0.552483386324196,R-3m,166,19,Gd2Zn17
Gd,157.25,237.0,1.2,6.15,,158.0,9.514912932101174,14.272369398151762,0.6666666666666666,0.6666666666666666,0.014272369398151762,0.0004724525359144243,0.4724525359144243,Imma,74,6,GdZn2
Gd,157.25,237.0,1.2,6.15,,158.0,13.70485504201845,27.4097100840369,0.5,0.5,0.0274097100840369,0.0005954630536762505,0.5954630536762505,Pm-3m,221,2,GdZn
Hf,178.49,212.0,1.3,6.825,,103.0,14.632269701668701,43.896809105006106,0.3333333333333333,0.3333333333333333,0.0438968091050061,0.0007537079817940103,0.7537079817940103,I4/mmm,139,3,Hf2Zn
Hf,178.49,212.0,1.3,6.825,,103.0,13.570174115559118,20.355261173338675,0.6666666666666666,0.6666666666666666,0.020355261173338676,0.0008432775740859942,0.8432775740859941,Fd-3m,227,6,HfZn2
Ho,164.93033,216.0,1.23,6.022,,156.0,9.082574489988415,11.118323944640991,0.8169014084507042,0.8169014084507042,0.011118323944640992,0.0005209328376307461,0.5209328376307462,P6_3/mmc,194,142,Ho13Zn58
Ho,164.93033,216.0,1.23,6.022,,156.0,13.8591192592215,15.48960387795344,0.8947368421052632,0.8947368421052632,0.01548960387795344,0.0009014596115520086,0.9014596115520086,R-3m,166,19,Ho2Zn17
Ho,164.93033,216.0,1.23,6.022,,156.0,12.956431784355845,14.036134433052164,0.9230769230769231,0.9230769230769231,0.014036134433052164,0.000861054249064334,0.861054249064334,I4/mmm,139,13,HoZn12
Ho,164.93033,216.0,1.23,6.022,,156.0,13.503440812194219,20.255161218291327,0.6666666666666666,0.6666666666666666,0.020255161218291327,0.0006990686915194946,0.6990686915194946,Imma,74,6,HoZn2
Ho,164.93033,216.0,1.23,6.022,,156.0,14.897533985404404,19.863378647205874,0.75,0.75,0.019863378647205873,0.0008397493085001601,0.83974930850016,Pnma,62,16,HoZn3
Ho,164.93033,216.0,1.23,6.022,,156.0,18.938895448663025,37.87779089732605,0.5,0.5,0.03787779089732605,0.0008625066873547752,0.8625066873547752,Pm-3m,221,2,HoZn
K,39.0983,275.0,0.82,4.341,0.501,289.7,7.634519691776018,8.22179043729725,0.9285714285714286,0.9285714285714286,0.00822179043729725,0.0004747404122453581,0.4747404122453581,Fm-3c,226,28,KZn13
La,138.9055,240.0,1.1,5.577,0.5,215.0,13.427124913589315,15.006786668129235,0.8947368421052632,0.8947368421052632,0.015006786668129235,0.0008235721140950179,0.8235721140950178,R-3m,166,19,La2Zn17
La,138.9055,240.0,1.1,5.577,0.5,215.0,13.804947657487489,15.687440519872146,0.88,0.88,0.015687440519872146,0.0008264232014564484,0.8264232014564484,C2/c,15,50,La3Zn22
La,138.9055,240.0,1.1,5.577,0.5,215.0,12.680316056795606,13.833072061958841,0.9166666666666666,0.9166666666666666,0.013833072061958841,0.0008046642168658394,0.8046642168658393,C2/m,12,24,LaZn11
La,138.9055,240.0,1.1,5.577,0.5,215.0,12.59318442892327,13.56189092345583,0.9285714285714286,0.9285714285714286,0.01356189092345583,0.0008041233375933174,0.8041233375933173,Fm-3c,226,28,LaZn13
La,138.9055,240.0,1.1,5.577,0.5,215.0,15.059243616191367,22.58886542428705,0.6666666666666666,0.6666666666666666,0.02258886542428705,0.0006807860228658999,0.6807860228658998,Imma,74,6,LaZn2
La,138.9055,240.0,1.1,5.577,0.5,215.0,13.39190865524662,16.739885819058276,0.8,0.8,0.016739885819058276,0.0006914597313562996,0.6914597313562996,Cmcm,63,10,LaZn4
La,138.9055,240.0,1.1,5.577,0.5,215.0,17.301346910428048,34.602693820856096,0.5,0.5,0.034602693820856095,0.0006529140305851,0.6529140305851,Pm-3m,221,2,LaZn
Li,7.0,182.0,0.98,5.392,0.618,164.1125,12.510449798034239,25.020899596068478,0.5,0.5,0.02502089959606848,0.0008978246880254882,0.8978246880254882,Fd-3m,227,4,LiZn
Lu,174.9667,221.0,1.27,5.426,,137.0,9.529162929909159,10.650240921663178,0.8947368421052632,0.8947368421052632,0.010650240921663178,0.0006271065140647629,0.6271065140647629,R-3m,166,19,Lu2Zn17
Lu,174.9667,221.0,1.27,5.426,,137.0,12.343068220232384,13.371657238585085,0.9230769230769231,0.9230769230769231,0.013371657238585084,0.0008276631425873728,0.8276631425873727,I4/mmm,139,13,LuZn12
Lu,174.9667,221.0,1.27,5.426,,137.0,13.786345556105681,20.679518334158523,0.6666666666666666,0.6666666666666666,0.02067951833415852,0.0007451236193343969,0.7451236193343969,Imma,74,6,LuZn2
Lu,174.9667,221.0,1.27,5.426,,137.0,13.741602443875532,18.32213659183404,0.75,0.75,0.018322136591834043,0.0008009083350945643,0.8009083350945643,Pnma,62,16,LuZn3
Lu,174.9667,221.0,1.27,5.426,,137.0,17.50773069564202,35.01546139128404,0.5,0.5,0.035015461391284045,0.0008484347288362698,0.8484347288362698,Pm-3m,221,2,LuZn
Mg,24.305,173.0,1.31,7.646,,71.2,12.287136687178924,22.608331504409218,0.5434782608695652,0.5434782608695652,0.022608331504409218,0.000691541427043173,0.691541427043173,R-3c,167,92,Mg21Zn25
Mg,24.305,173.0,1.31,7.646,,71.2,10.763576154845717,12.720590001181302,0.8461538461538461,0.8461538461538461,0.012720590001181302,0.0007052920308119132,0.7052920308119132,Pm-3,200,39,Mg2Zn11
Mg,24.305,173.0,1.31,7.646,,71.2,11.78517365781643,18.5195586051401,0.6363636363636364,0.6363636363636364,0.018519558605140103,0.0007250245978202536,0.7250245978202536,P1,1,55,Mg4Zn7
Mg,24.305,173.0,1.31,7.646,,71.2,11.743128948496055,17.614693422744082,0.6666666666666666,0.6666666666666666,0.017614693422744084,0.0007307996386155136,0.7307996386155137,P6_3/mmc,194,12,MgZn2
Mn,54.93804,197.0,1.55,7.434,,68.0,3.6406019707777633,4.854135961037017,0.75,0.75,0.004854135961037017,0.00026353588441027886,0.26353588441027886,Pm-3m,221,4,MnZn3
Na,22.9897693,227.0,0.93,5.139,0.548,162.7,11.269852904624125,12.136764666518289,0.9285714285714286,0.9285714285714286,0.01213676466651829,0.0007175183998826703,0.7175183998826703,Fm-3c,226,28,NaZn13
Nb,92.90637,207.0,1.6,6.759,0.893,98.0,18.352353041840576,34.08294136341821,0.5384615384615384,0.5384615384615384,0.03408294136341821,0.001155525256404347,1.155525256404347,R-3m,166,13,Nb6Zn7
Nb,92.90637,207.0,1.6,6.759,0.893,98.0,13.068586790231764,13.88537346462125,0.9411764705882353,0.9411764705882353,0.013885373464621249,0.0008975926377641327,0.8975926377641328,Cmcm,63,34,NbZn16
Nb,92.90637,207.0,1.6,6.759,0.893,98.0,6.994757482776833,10.492136224165248,0.6666666666666666,0.6666666666666666,0.010492136224165248,0.0004714761722167579,0.4714761722167579,P6_3/mmc,194,24,NbZn2
Nb,92.90637,207.0,1.6,6.759,0.893,98.0,6.720681519540875,8.960908692721167,0.75,0.75,0.008960908692721167,0.00044972656600984756,0.44972656600984756,Pm-3m,221,4,NbZn3
Nd,144.24,229.0,1.14,5.525,,208.0,13.98329372418908,15.62838710350544,0.8947368421052632,0.8947368421052632,0.01562838710350544,0.0008789553679753511,0.8789553679753511,R-3m,166,19,Nd2Zn17
Nd,144.24,229.0,1.14,5.525,,208.0,14.907070364974533,18.972635009967586,0.7857142857142857,0.7857142857142857,0.018972635009967587,0.0007857934006849654,0.7857934006849654,Immm,71,14,Nd3Zn11
Nd,144.24,229.0,1.14,5.525,,208.0,9.15012701869481,10.397871612153194,0.88,0.88,0.010397871612153194,0.0005632782915390454,0.5632782915390454,C2/c,15,50,Nd3Zn22
Nd,144.24,229.0,1.14,5.525,,208.0,13.254473312984146,14.459425432346341,0.9166666666666666,0.9166666666666666,0.01445942543234634,0.0008547315674399926,0.8547315674399927,C2/m,12,24,NdZn11
Nd,144.24,229.0,1.14,5.525,,208.0,13.565432734760124,20.348149102140187,0.6666666666666666,0.6666666666666666,0.020348149102140188,0.0006426552084729007,0.6426552084729007,Imma,74,6,NdZn2
Nd,144.24,229.0,1.14,5.525,,208.0,14.36667226286747,19.155563017156627,0.75,0.75,0.019155563017156627,0.0007454451845839439,0.7454451845839439,Pnma,62,16,NdZn3
Nd,144.24,229.0,1.14,5.525,,208.0,19.448648325720026,38.89729665144005,0.5,0.5,0.03889729665144005,0.0007864107571232724,0.7864107571232724,Pm-3m,221,2,NdZn
Pr,140.90766,239.0,1.13,5.464,,216.0,14.383231614877324,17.60705939062569,0.8169014084507042,0.8169014084507042,0.01760705939062569,0.0007735019357723423,0.7735019357723423,P6_3/mmc,194,142,Pr13Zn58
Pr,140.90766,239.0,1.13,5.464,,216.0,14.071669174711921,15.7271596658545,0.8947368421052632,0.8947368421052632,0.0157271596658545,0.0008780976239191039,0.8780976239191038,R-3m,166,19,Pr2Zn17
Pr,140.90766,239.0,1.13,5.464,,216.0,9.20785387612189,10.463470313774875,0.88,0.88,0.010463470313774875,0.0005628738080284272,0.5628738080284272,I4_1/amd,141,50,Pr3Zn22
Pr,140.90766,239.0,1.13,5.464,,216.0,13.366021038405062,14.581113860078249,0.9166666666666666,0.9166666666666666,0.01458111386007825,0.0008580842702827882,0.8580842702827882,I4_1/amd,141,24,PrZn11
Pr,140.90766,239.0,1.13,5.464,,216.0,12.872826748506588,19.309240122759885,0.6666666666666666,0.6666666666666666,0.019309240122759884,0.0006000834608901077,0.6000834608901077,Imma,74,6,PrZn2
Pr,140.90766,239.0,1.13,5.464,,216.0,16.7928566737609,33.5857133475218,0.5,0.5,0.033585713347521806,0.0006614989040459833,0.6614989040459833,Pm-3m,221,2,PrZn
Pu,244.0642,243.0,1.28,6.06,,145.0,12.450134527259975,13.914856236349385,0.8947368421052632,0.8947368421052632,0.013914856236349384,0.0007923932466070587,0.7923932466070588,C2/m,12,19,Pu2Zn17
Pu,244.0642,243.0,1.28,6.06,,145.0,12.961100309404529,14.728523078868783,0.88,0.88,0.014728523078868783,0.0007771445576717545,0.7771445576717545,I4_1/amd,141,50,Pu3Zn22
Rb,85.468,303.0,0.82,4.177,0.468,319.8,6.776653509091751,7.297934548252654,0.9285714285714286,0.9285714285714286,0.007297934548252654,0.00041453391689409247,0.41453391689409247,Fm-3c,226,28,RbZn13
Sc,44.95591,211.0,1.36,6.561,0.188,97.0,11.743104705727228,12.721696764537832,0.9230769230769231,0.9230769230769231,0.012721696764537832,0.000797005033153529,0.797005033153529,I4/mmm,139,13,ScZn12
Sc,44.95591,211.0,1.36,6.561,0.188,97.0,16.370318859506707,24.55547828926006,0.6666666666666666,0.6666666666666666,0.02455547828926006,0.0009859051333747548,0.9859051333747548,P6_3/mmc,194,12,ScZn2
Sc,44.95591,211.0,1.36,6.561,0.188,97.0,15.822894812212624,31.645789624425248,0.5,0.5,0.03164578962442525,0.0008539095022438542,0.8539095022438542,Pm-3m,221,2,ScZn
Sm,150.4,229.0,1.17,5.644,,192.0,14.00257414186642,15.649935805615412,0.8947368421052632,0.8947368421052632,0.01564993580561541,0.0008909223196123156,0.8909223196123156,R-3m,166,19,Sm2Zn17
Sm,150.4,229.0,1.17,5.644,,192.0,14.973279316358393,19.0569009480925,0.7857142857142857,0.7857142857142857,0.019056900948092502,0.0008038983476641945,0.8038983476641944,Immm,71,14,Sm3Zn11
Sm,150.4,229.0,1.17,5.644,,192.0,9.40441648021878,10.686836909339524,0.88,0.88,0.010686836909339524,0.000587361132904663,0.587361132904663,I4_1/amd,141,50,Sm3Zn22
Sm,150.4,229.0,1.17,5.644,,192.0,13.102809502743268,14.194710294638542,0.9230769230769231,0.9230769230769231,0.014194710294638542,0.0008582436929380515,0.8582436929380515,C2/m,12,13,SmZn12
Sm,150.4,229.0,1.17,5.644,,192.0,14.867092519552099,22.30063877932815,0.6666666666666666,0.6666666666666666,0.022300638779328148,0.0007237205699648811,0.7237205699648811,Imma,74,6,SmZn2
Sm,150.4,229.0,1.17,5.644,,192.0,14.882422500935217,19.843230001246955,0.75,0.75,0.019843230001246954,0.0007938402078227666,0.7938402078227665,Pnma,62,16,SmZn3
Sm,150.4,229.0,1.17,5.644,,192.0,20.610023733461247,41.220047466922495,0.5,0.5,0.041220047466922496,0.000866190407645334,0.8661904076453341,Pm-3m,221,2,SmZn
Sr,87.62,249.0,0.95,5.695,,197.2,12.10842657408266,13.03984400285825,0.9285714285714286,0.9285714285714286,0.013039844002858248,0.0007637455328505394,0.7637455328505395,Fm-3c,226,28,SrZn13
Sr,87.62,249.0,0.95,5.695,,197.2,12.538322003244485,18.807483004866725,0.6666666666666666,0.6666666666666666,0.018807483004866725,0.0005360337088794731,0.5360337088794731,Imma,74,6,SrZn2
Sr,87.62,249.0,0.95,5.695,,197.2,8.79550319443304,10.554603833319648,0.8333333333333334,0.8333333333333334,0.010554603833319649,0.0004685634389484177,0.46856343894841773,Pnma,62,24,SrZn5
Sr,87.62,249.0,0.95,5.695,,197.2,12.379362340470351,24.758724680940702,0.5,0.5,0.024758724680940702,0.0003931805055318044,0.3931805055318044,Pnma,62,8,SrZn
Ta,180.9479,217.0,1.5,7.89,0.322,74.0,12.541760891110503,23.291841654919505,0.5384615384615384,0.5384615384615384,0.023291841654919505,0.0008189511559128814,0.8189511559128814,R-3m,166,13,Ta6Zn7
Ta,180.9479,217.0,1.5,7.89,0.322,74.0,14.046791553316188,21.07018732997428,0.6666666666666666,0.6666666666666666,0.02107018732997428,0.0009616352107825049,0.9616352107825049,P6_3/mmc,194,24,TaZn2
Tb,158.92535,221.0,,5.864,,170.0,14.065389248107396,15.720140924355325,0.8947368421052632,0.8947368421052632,0.015720140924355325,0.000908431385259242,0.9084313852592419,R-3m,166,19,Tb2Zn17
Tb,158.92535,221.0,,5.864,,170.0,13.958148173946785,17.764915857750452,0.7857142857142857,0.7857142857142857,0.017764915857750453,0.000799432386954775,0.7994323869547749,Immm,71,14,Tb3Zn11
Tb,158.92535,221.0,,5.864,,170.0,13.14645246491804,14.241990170327874,0.9230769230769231,0.9230769230769231,0.014241990170327875,0.0008696538779233177,0.8696538779233177,I4/mmm,139,13,TbZn12
Tb,158.92535,221.0,,5.864,,170.0,15.424189731029708,23.136284596544563,0.6666666666666666,0.6666666666666666,0.023136284596544564,0.0007828141353815735,0.7828141353815735,Imma,74,6,TbZn2
Tb,158.92535,221.0,,5.864,,170.0,15.750968554067095,21.001291405422794,0.75,0.75,0.021001291405422794,0.0008711224323308904,0.8711224323308904,Pnma,62,16,TbZn3
Tb,158.92535,221.0,,5.864,,170.0,20.944338656115022,41.888677312230044,0.5,0.5,0.04188867731223005,0.0009264202916294422,0.9264202916294423,Pm-3m,221,2,TbZn
Th,232.038,237.0,1.3,6.08,,240.0,12.089687657288,13.512003852263058,0.8947368421052632,0.8947368421052632,0.013512003852263059,0.0007571162219126747,0.7571162219126747,R-3m,166,19,Th2Zn17
Th,232.038,237.0,1.3,6.08,,240.0,14.417229357233088,43.25168807169927,0.3333333333333333,0.3333333333333333,0.04325168807169927,0.0005347130422260659,0.5347130422260659,I4/mcm,140,6,Th2Zn
Th,232.038,237.0,1.3,6.08,,240.0,12.640450641450432,18.96067596217565,0.6666666666666666,0.6666666666666666,0.018960675962175648,0.0005893658444272995,0.5893658444272994,P6/mmm,191,3,ThZn2
Th,232.038,237.0,1.3,6.08,,240.0,11.9488031092573,14.936003886571624,0.8,0.8,0.014936003886571625,0.0006455098765265387,0.6455098765265387,I4/mmm,139,5,ThZn4
Ti,47.867,187.0,1.54,6.828,0.079,100.0,19.890081266407332,59.67024379922199,0.3333333333333333,0.3333333333333333,0.05967024379922199,0.0012354216661413754,1.2354216661413753,I4/mmm,139,3,Ti2Zn
Ti,47.867,187.0,1.54,6.828,0.079,100.0,11.823061977589207,12.562003351188531,0.9411764705882353,0.9411764705882353,0.012562003351188532,0.0008151952545953025,0.8151952545953025,Cmcm,63,34,TiZn16
Tm,168.93422,227.0,1.25,6.184,,144.0,13.803124192601446,15.427021156436911,0.8947368421052632,0.8947368421052632,0.015427021156436911,0.0009037111522425418,0.9037111522425418,R-3m,166,19,Tm2Zn17
Tm,168.93422,227.0,1.25,6.184,,144.0,12.981443129908499,14.063230057400874,0.9230769230769231,0.9230769230769231,0.014063230057400873,0.0008666671884065776,0.8666671884065775,I4/mmm,139,13,TmZn12
Tm,168.93422,227.0,1.25,6.184,,144.0,16.0747211537046,24.112081730556902,0.6666666666666666,0.6666666666666666,0.024112081730556904,0.00085197088148646,0.8519708814864599,Imma,74,6,TmZn2
Tm,168.93422,227.0,1.25,6.184,,144.0,15.35850330428431,20.47800440571241,0.75,0.75,0.020478004405712413,0.0008810717807844261,0.8810717807844262,Pnma,62,16,TmZn3
Tm,168.93422,227.0,1.25,6.184,,144.0,20.684894739567927,41.369789479135854,0.5,0.5,0.04136978947913585,0.0009700939795813044,0.9700939795813044,Pm-3m,221,2,TmZn
U,238.0289,240.0,1.38,6.194,,180.0,13.213921919247467,14.768500968570699,0.8947368421052632,0.8947368421052632,0.014768500968570698,0.000816552721886042,0.816552721886042,P6_3/mmc,194,114,U2Zn17
V,50.9415,179.0,1.63,6.746,0.525,87.0,7.009955515155331,12.617919927279598,0.5555555555555556,0.5555555555555556,0.012617919927279597,0.0005143378208344673,0.5143378208344672,I4/mmm,139,9,V4Zn5
V,50.9415,179.0,1.63,6.746,0.525,87.0,13.560096064867814,18.080128086490415,0.75,0.75,0.018080128086490416,0.000999906724755517,0.9999067247555169,Pm-3m,221,4,VZn3
Y,88.90584,219.0,1.22,6.217,0.307,162.0,12.794291572985133,14.299502346277501,0.8947368421052632,0.8947368421052632,0.014299502346277502,0.0008266287173197022,0.8266287173197021,R-3m,166,19,Y2Zn17
Y,88.90584,219.0,1.22,6.217,0.307,162.0,13.8054275466615,17.570544150296453,0.7857142857142857,0.7857142857142857,0.017570544150296453,0.0007904280576914517,0.7904280576914516,Immm,71,14,Y3Zn11
Yb,173.05,242.0,,6.254,,139.0,10.556039401591626,15.83405910238744,0.6666666666666666,0.6666666666666666,0.01583405910238744,0.0005656306800905843,0.5656306800905844,Imma,74,6,YbZn2
Y,88.90584,219.0,1.22,6.217,0.307,162.0,12.147542101602152,13.159837276735665,0.9230769230769231,0.9230769230769231,0.013159837276735665,0.0008041550323466837,0.8041550323466837,C2/m,12,13,YZn12
Y,88.90584,219.0,1.22,6.217,0.307,162.0,14.292296018683592,19.056394691578124,0.75,0.75,0.019056394691578122,0.0007919816382793963,0.7919816382793964,Pnma,62,16,YZn3
Y,88.90584,219.0,1.22,6.217,0.307,162.0,13.37893865495915,16.05472638595098,0.8333333333333334,0.8333333333333334,0.016054726385950978,0.0008073186284732497,0.8073186284732496,P6/mmm,191,6,YZn5
Y,88.90584,219.0,1.22,6.217,0.307,162.0,16.7015373927695,33.403074785539,0.5,0.5,0.033403074785539,0.0007388744418262389,0.738874441826239,Pm-3m,221,2,YZn
Co,58.93319,192.0,1.88,7.881,0.661,55.0,9.373701993491116,11.078011446853136,0.8461538461538461,0.15384615384615385,0.06092906295769225,0.0007086250744794256,0.7086250744794256,I-43m,217,26,Zn11Co2
Ir,192.22,202.0,2.2,9.1,1.565,54.0,13.670524696870709,16.156074641756295,0.8461538461538461,0.15384615384615385,0.0888584105296596,0.0009651980773258158,0.9651980773258158,I-43m,217,26,Zn11Ir2
Ni,58.693,163.0,1.91,7.64,1.156,49.0,9.29911130036625,10.989858809523751,0.8461538461538461,0.15384615384615385,0.06044422345238063,0.0007041743135625155,0.7041743135625155,I-43m,217,26,Zn11Ni2
Rh,102.9055,195.0,2.28,7.459,1.137,66.0,15.655435158877864,18.501877915037475,0.8461538461538461,0.15384615384615385,0.10176032853270611,0.001116951926476883,1.116951926476883,I-43m,217,26,Zn11Rh2
Co,58.93319,192.0,1.88,7.881,0.661,55.0,7.881353754098286,8.48761173518277,0.9285714285714286,0.07142857142857142,0.11033895255737601,0.0005676758353666753,0.5676758353666753,C2/m,12,14,Zn13Co
Fe,55.84,194.0,1.83,7.902,0.163,62.0,11.395426567213715,12.27199784161477,0.9285714285714286,0.07142857142857142,0.159535971940992,0.0008086281801155517,0.8086281801155517,C2/m,12,14,Zn13Fe
Rh,102.9055,195.0,2.28,7.459,1.137,66.0,13.145032726722393,14.156189090316424,0.9285714285714286,0.07142857142857142,0.1840304581741135,0.0009192428083877477,0.9192428083877477,C2/m,12,14,Zn13Rh
As,74.92159,185.0,2.18,9.815,0.81,30.0,3.6893899550769222,6.148983258461537,0.6,0.4,0.009223474887692306,0.00017409836448847944,0.17409836448847943,P4_2/nbc,133,160,Zn3As2
Au,196.96657,166.0,2.54,9.226,2.309,36.06,12.125593094550922,16.167457459401227,0.75,0.25,0.048502372378203686,0.0007987527202325406,0.7987527202325406,Pm-3n,223,32,Zn3Au
N,14.007,155.0,3.04,14.534,,7.4,4.097735258771438,6.829558764619063,0.6,0.4,0.010244338146928595,0.00035571883034065565,0.35571883034065566,Ia-3,206,40,Zn3N2
P,30.973762,180.0,2.19,10.487,0.746,25.0,4.188935780291025,6.981559633818375,0.6,0.4,0.010472339450727564,0.0002291909505844986,0.2291909505844986,P4_2/nmc,137,40,Zn3P2
Ru,101.1,207.0,2.2,7.361,1.05,72.0,7.834071375995142,10.445428501326857,0.75,0.25,0.03133628550398057,0.0005802995209913557,0.5802995209913557,I4/mmm,139,8,Zn3Ru
Pt,195.08,209.0,2.28,9.0,2.128,48.0,13.124473810946649,20.892019535792624,0.6282051282051282,0.3717948717948718,0.035300308870822014,0.0008617697955250828,0.8617697955250828,Amm2,38,78,Zn49Pt29
Mo,95.95,209.0,2.16,7.092,0.746,87.0,5.082365145764536,5.929426003391958,0.8571428571428571,0.14285714285714285,0.03557655602035175,0.000320692152577016,0.320692152577016,Fm-3m,225,7,Zn6Mo
Ru,101.1,207.0,2.2,7.361,1.05,72.0,5.851459622701289,6.826702893151504,0.8571428571428571,0.14285714285714285,0.04096021735890902,0.00038650828969961535,0.38650828969961537,P4_132,213,252,Zn6Ru
Cu,63.55,140.0,1.9,7.726,1.228,46.5,7.877632041942001,12.801152068155751,0.6153846153846154,0.38461538461538464,0.020481843309049202,0.0006126322961343504,0.6126322961343504,I-43m,217,26,Zn8Cu5
As,74.92159,185.0,2.18,9.815,0.81,30.0,2.4194555531654585,7.258366659496375,0.3333333333333333,0.6666666666666666,0.0036291833297481878,0.00010399845008212088,0.10399845008212089,P2_1/c,14,24,ZnAs2
Au,196.96657,166.0,2.54,9.226,2.309,36.06,10.625893691975405,42.50357476790162,0.25,0.75,0.014167858255967206,0.0006383560340264156,0.6383560340264156,I4_1/acd,142,32,ZnAu3
Au,196.96657,166.0,2.54,9.226,2.309,36.06,10.626613111066526,21.25322622213305,0.5,0.5,0.02125322622213305,0.0006799413996199056,0.6799413996199056,Pm-3m,221,2,ZnAu
Br,79.9,183.0,2.96,11.814,3.365,21.0,1.0014791599699377,3.004437479909813,0.3333333333333333,0.6666666666666666,0.0015022187399549064,3.180740620464445e-05,0.031807406204644444,C2/c,15,48,ZnBr2
Cl,35.45,175.0,3.16,12.968,3.617,14.6,0.8450421961375831,2.5351265884127496,0.3333333333333333,0.6666666666666666,0.0012675632942063747,3.27754119587619e-05,0.0327754119587619,I-42d,122,6,ZnCl2
Cu,63.55,140.0,1.9,7.726,1.228,46.5,7.999568302550799,15.999136605101597,0.5,0.5,0.015999136605101598,0.0006422451901019902,0.6422451901019902,Pm-3m,221,2,ZnCu
F,18.99840316,135.0,3.98,17.423,3.339,3.74,1.3512439053112166,4.05373171593365,0.3333333333333333,0.6666666666666666,0.002026865857966825,0.0001170038565247158,0.1170038565247158,P4_2/mnm,136,6,ZnF2
I,126.9045,198.0,2.66,10.451,3.059,32.9,1.1424745105748957,3.4274235317246866,0.3333333333333333,0.6666666666666666,0.0017137117658623433,2.8309619170929446e-05,0.028309619170929445,C2/c,15,48,ZnI2
Ni,58.693,163.0,1.91,7.64,1.156,49.0,14.168631183792273,28.337262367584547,0.5,0.5,0.028337262367584548,0.001224726284565011,1.224726284565011,P4/mmm,123,4,ZnNi
O,15.999,152.0,3.44,13.618,1.461,5.3,2.749504732012225,5.49900946402445,0.5,0.5,0.00549900946402445,0.00023203967582863982,0.23203967582863982,P6_3mc,186,4,ZnO
P,30.973762,180.0,2.19,10.487,0.746,25.0,1.9489147847535835,5.84674435426075,0.3333333333333333,0.6666666666666666,0.002923372177130375,9.948874334233597e-05,0.09948874334233597,P4_32_12,96,24,ZnP2
Pd,106.42,202.0,2.2,8.337,0.557,26.14,8.260789955924833,24.7823698677745,0.3333333333333333,0.6666666666666666,0.01239118493388725,0.0005730807494615977,0.5730807494615977,Pnma,62,12,ZnPd2
Pd,106.42,202.0,2.2,8.337,0.557,26.14,24.12729228958114,48.25458457916228,0.5,0.5,0.04825458457916228,0.0017238116814784184,1.7238116814784183,P4/mmm,123,4,ZnPd
Pt,195.08,209.0,2.28,9.0,2.128,48.0,12.766045737062399,51.064182948249595,0.25,0.75,0.0170213943160832,0.0008618006111553504,0.8618006111553504,Pm-3m,221,4,ZnPt3
Pt,195.08,209.0,2.28,9.0,2.128,48.0,9.516191405574977,19.032382811149954,0.5,0.5,0.019032382811149953,0.0006701119642177715,0.6701119642177715,P4/mmm,123,4,ZnPt
Rh,102.9055,195.0,2.28,7.459,1.137,66.0,26.013947076853622,52.027894153707244,0.5,0.5,0.052027894153707246,0.0019459158497545691,1.9459158497545692,Pm-3m,221,2,ZnRh
Sb,121.76,206.0,2.05,8.64,1.07,43.0,4.296517416322106,8.593034832644213,0.5,0.5,0.008593034832644213,0.0001754758378975018,0.17547583789750182,Pbca,61,16,ZnSb
Se,78.97,190.0,2.55,9.752,2.021,28.9,3.1859640333397503,9.55789210001925,0.3333333333333333,0.6666666666666666,0.004778946050009625,0.00014762488395628256,0.14762488395628257,Pa-3,205,12,ZnSe2
Se,78.97,190.0,2.55,9.752,2.021,28.9,2.7144267363878583,5.4288534727757165,0.5,0.5,0.005428853472775716,0.00011945237771618082,0.11945237771618082,F-43m,216,2,ZnSe
S,32.07,180.0,2.58,10.36,2.077,19.4,2.662137362141089,5.324274724282178,0.5,0.5,0.005324274724282178,0.00013622048996697776,0.13622048996697778,P3m1,156,56,ZnS
Te,127.6,206.0,2.1,9.01,1.971,38.0,2.7145380066721,5.4290760133442,0.5,0.5,0.0054290760133442,9.514819162194278e-05,0.09514819162194278,F-43m,216,6,ZnTe
Zr,91.22,186.0,1.33,6.634,0.426,112.0,15.521208603535243,23.281812905302864,0.6666666666666666,0.6666666666666666,0.023281812905302863,0.0009354493082936139,0.935449308293614,Fd-3m,227,6,ZrZn2
Zr,91.22,186.0,1.33,6.634,0.426,112.0,17.8767167006873,35.7534334013746,0.5,0.5,0.0357534334013746,0.0009741132085602494,0.9741132085602494,Pm-3m,221,2,ZrZn
